disease,protein
1,58
1,140
1,152
1,153
1,154
1,158
1,266
1,267
1,350
1,360
1,404
1,438
1,483
1,540
1,566
1,567
1,594
1,778
6,110
8,6
8,13
8,15
8,25
8,34
8,58
8,74
8,83
8,85
8,100
8,113
8,133
8,135
8,176
8,222
8,286
8,300
8,303
8,312
8,315
8,316
8,328
8,331
8,359
8,362
8,367
8,372
8,383
8,388
8,392
8,398
8,403
8,404
8,406
8,450
8,454
8,483
8,484
8,502
8,526
8,536
8,537
8,540
8,555
8,565
8,567
8,568
8,581
8,609
8,622
8,626
8,632
8,656
8,661
8,671
8,723
8,734
8,737
8,769
8,770
8,777
8,785
8,789
8,792
11,300
11,327
11,710
11,716
13,13
13,25
13,85
13,118
13,305
13,327
13,357
13,368
13,395
13,411
13,457
13,469
13,472
13,483
13,485
13,565
13,567
13,606
13,635
13,657
13,659
13,667
13,716
13,770
13,787
13,792
15,14
15,17
15,49
15,53
15,91
15,133
15,135
15,138
15,179
15,182
15,240
15,292
15,340
15,346
15,393
15,414
15,421
15,460
15,462
15,468
15,472
15,537
15,540
15,551
15,582
15,588
15,596
15,724
15,747
17,6
17,13
17,15
17,25
17,34
17,58
17,74
17,83
17,85
17,100
17,113
17,133
17,135
17,176
17,222
17,286
17,300
17,303
17,312
17,315
17,316
17,328
17,331
17,359
17,362
17,367
17,372
17,383
17,388
17,392
17,398
17,403
17,404
17,406
17,450
17,454
17,483
17,484
17,502
17,526
17,536
17,537
17,540
17,555
17,565
17,567
17,568
17,581
17,609
17,622
17,626
17,632
17,656
17,661
17,671
17,723
17,734
17,737
17,769
17,770
17,777
17,785
17,789
17,792
19,5
19,8
19,10
19,13
19,14
19,17
19,21
19,28
19,42
19,45
19,49
19,50
19,55
19,58
19,59
19,60
19,82
19,83
19,84
19,85
19,92
19,100
19,105
19,114
19,117
19,118
19,119
19,120
19,124
19,128
19,129
19,131
19,133
19,136
19,144
19,148
19,171
19,174
19,176
19,178
19,187
19,209
19,210
19,211
19,212
19,216
19,222
19,224
19,225
19,228
19,229
19,230
19,231
19,241
19,244
19,245
19,247
19,249
19,258
19,262
19,280
19,285
19,286
19,290
19,291
19,294
19,300
19,303
19,307
19,308
19,312
19,315
19,316
19,324
19,327
19,331
19,338
19,352
19,357
19,359
19,360
19,365
19,366
19,367
19,371
19,376
19,377
19,383
19,385
19,386
19,387
19,388
19,389
19,390
19,391
19,392
19,393
19,394
19,395
19,397
19,404
19,405
19,408
19,409
19,411
19,414
19,419
19,419
19,419
19,429
19,430
19,434
19,435
19,438
19,448
19,450
19,453
19,454
19,455
19,456
19,465
19,466
19,469
19,476
19,477
19,478
19,480
19,481
19,483
19,484
19,485
19,486
19,487
19,488
19,489
19,490
19,491
19,492
19,496
19,502
19,503
19,508
19,509
19,511
19,512
19,516
19,518
19,523
19,524
19,525
19,526
19,528
19,529
19,536
19,538
19,539
19,544
19,548
19,550
19,552
19,557
19,558
19,564
19,565
19,566
19,567
19,569
19,571
19,576
19,580
19,581
19,583
19,586
19,588
19,589
19,593
19,595
19,604
19,606
19,607
19,609
19,610
19,611
19,614
19,617
19,618
19,619
19,622
19,623
19,626
19,631
19,632
19,638
19,639
19,642
19,645
19,646
19,648
19,652
19,656
19,661
19,662
19,667
19,676
19,678
19,679
19,684
19,699
19,709
19,710
19,715
19,716
19,722
19,734
19,735
19,736
19,737
19,740
19,741
19,742
19,743
19,745
19,758
19,769
19,770
19,771
19,773
19,774
19,775
19,777
19,778
19,783
19,784
19,785
19,786
19,787
19,788
19,789
19,792
19,793
19,796
19,799
19,800
19,802
21,212
21,300
21,364
21,488
21,499
21,525
21,614
21,633
21,717
21,734
27,262
27,300
27,312
27,367
27,483
27,488
27,542
27,544
27,567
27,623
27,738
27,778
27,782
27,788
27,792
27,804
28,15
28,17
28,25
28,31
28,51
28,55
28,56
28,67
28,68
28,70
28,79
28,83
28,90
28,118
28,130
28,131
28,132
28,133
28,149
28,174
28,175
28,189
28,201
28,210
28,211
28,212
28,213
28,215
28,216
28,220
28,244
28,262
28,267
28,275
28,276
28,277
28,280
28,281
28,282
28,290
28,292
28,300
28,305
28,309
28,310
28,335
28,338
28,344
28,360
28,362
28,365
28,367
28,378
28,379
28,381
28,383
28,386
28,388
28,397
28,409
28,419
28,419
28,419
28,429
28,442
28,461
28,462
28,463
28,478
28,479
28,481
28,483
28,485
28,487
28,542
28,551
28,565
28,567
28,590
28,605
28,613
28,626
28,632
28,633
28,636
28,637
28,639
28,646
28,667
28,672
28,673
28,674
28,675
28,676
28,677
28,678
28,679
28,682
28,687
28,688
28,694
28,695
28,696
28,697
28,698
28,703
28,717
28,719
28,734
28,737
28,740
28,743
28,747
28,755
28,756
31,13
31,15
31,21
31,31
31,32
31,35
31,83
31,85
31,100
31,105
31,108
31,109
31,127
31,133
31,164
31,207
31,208
31,210
31,211
31,212
31,216
31,219
31,248
31,254
31,280
31,300
31,308
31,312
31,315
31,346
31,357
31,359
31,360
31,362
31,365
31,366
31,367
31,373
31,383
31,399
31,409
31,434
31,437
31,448
31,462
31,467
31,478
31,480
31,481
31,483
31,486
31,499
31,502
31,524
31,536
31,558
31,566
31,567
31,581
31,599
31,606
31,609
31,611
31,613
31,626
31,627
31,632
31,638
31,639
31,650
31,656
31,661
31,671
31,703
31,708
31,711
31,726
31,734
31,736
31,737
31,738
31,740
31,747
31,750
31,751
31,758
31,770
31,772
31,787
31,788
31,792
31,794
31,804
33,2
33,8
33,9
33,10
33,11
33,12
33,13
33,14
33,15
33,16
33,17
33,18
33,20
33,21
33,25
33,27
33,28
33,33
33,34
33,41
33,50
33,53
33,54
33,61
33,70
33,75
33,76
33,77
33,78
33,79
33,80
33,82
33,83
33,84
33,85
33,90
33,91
33,92
33,94
33,95
33,98
33,100
33,108
33,109
33,117
33,118
33,119
33,121
33,125
33,131
33,133
33,135
33,137
33,138
33,139
33,140
33,143
33,145
33,149
33,150
33,152
33,154
33,155
33,156
33,158
33,159
33,161
33,162
33,163
33,164
33,165
33,171
33,172
33,173
33,174
33,177
33,178
33,179
33,180
33,181
33,182
33,183
33,184
33,186
33,188
33,190
33,194
33,210
33,211
33,212
33,216
33,220
33,230
33,235
33,236
33,239
33,240
33,242
33,243
33,244
33,249
33,250
33,251
33,254
33,255
33,256
33,263
33,265
33,266
33,267
33,268
33,275
33,276
33,277
33,278
33,279
33,280
33,286
33,288
33,289
33,290
33,291
33,293
33,294
33,295
33,297
33,300
33,305
33,309
33,315
33,316
33,327
33,328
33,330
33,331
33,333
33,336
33,339
33,340
33,341
33,344
33,345
33,346
33,348
33,350
33,355
33,356
33,357
33,360
33,361
33,362
33,363
33,366
33,367
33,373
33,382
33,388
33,390
33,392
33,393
33,397
33,399
33,401
33,402
33,406
33,409
33,410
33,412
33,413
33,414
33,416
33,417
33,419
33,419
33,420
33,434
33,443
33,451
33,452
33,456
33,458
33,459
33,460
33,462
33,463
33,464
33,465
33,467
33,468
33,473
33,474
33,477
33,478
33,481
33,483
33,484
33,485
33,486
33,488
33,489
33,496
33,499
33,501
33,502
33,503
33,520
33,525
33,536
33,537
33,539
33,544
33,547
33,551
33,552
33,555
33,557
33,558
33,561
33,566
33,567
33,569
33,570
33,575
33,580
33,582
33,583
33,585
33,587
33,589
33,590
33,591
33,594
33,597
33,599
33,606
33,609
33,611
33,614
33,618
33,626
33,628
33,632
33,633
33,638
33,639
33,641
33,645
33,648
33,650
33,652
33,654
33,656
33,659
33,662
33,673
33,674
33,675
33,678
33,685
33,690
33,691
33,693
33,695
33,696
33,703
33,708
33,710
33,711
33,713
33,716
33,723
33,724
33,726
33,729
33,733
33,734
33,737
33,739
33,740
33,746
33,755
33,756
33,758
33,760
33,763
33,770
33,777
33,784
33,789
33,790
33,792
33,793
33,794
33,802
33,804
34,2
34,8
34,9
34,10
34,11
34,12
34,13
34,14
34,15
34,16
34,17
34,18
34,20
34,21
34,25
34,27
34,28
34,33
34,34
34,41
34,50
34,53
34,54
34,61
34,70
34,75
34,76
34,77
34,78
34,79
34,80
34,82
34,83
34,84
34,85
34,90
34,91
34,92
34,94
34,95
34,98
34,100
34,108
34,109
34,117
34,118
34,119
34,121
34,125
34,131
34,133
34,135
34,137
34,138
34,139
34,140
34,143
34,145
34,149
34,150
34,152
34,154
34,155
34,156
34,158
34,159
34,161
34,162
34,163
34,164
34,165
34,171
34,172
34,173
34,174
34,177
34,178
34,179
34,180
34,181
34,182
34,183
34,184
34,186
34,188
34,190
34,194
34,210
34,211
34,212
34,216
34,220
34,230
34,235
34,236
34,239
34,240
34,242
34,243
34,244
34,249
34,250
34,251
34,254
34,255
34,256
34,263
34,265
34,266
34,267
34,268
34,275
34,276
34,277
34,278
34,279
34,280
34,286
34,288
34,289
34,290
34,291
34,293
34,294
34,295
34,297
34,300
34,305
34,309
34,315
34,316
34,327
34,328
34,330
34,331
34,333
34,336
34,339
34,340
34,341
34,344
34,345
34,346
34,348
34,350
34,355
34,356
34,357
34,360
34,361
34,362
34,363
34,366
34,367
34,373
34,382
34,388
34,390
34,392
34,393
34,397
34,399
34,401
34,402
34,406
34,409
34,410
34,412
34,413
34,414
34,416
34,417
34,419
34,419
34,420
34,434
34,443
34,451
34,452
34,456
34,458
34,459
34,460
34,462
34,463
34,464
34,465
34,467
34,468
34,473
34,474
34,477
34,478
34,481
34,483
34,484
34,485
34,486
34,488
34,489
34,496
34,499
34,501
34,502
34,503
34,520
34,525
34,536
34,537
34,539
34,544
34,547
34,551
34,552
34,555
34,557
34,558
34,561
34,566
34,567
34,569
34,570
34,575
34,580
34,582
34,583
34,585
34,587
34,589
34,590
34,591
34,594
34,597
34,599
34,606
34,609
34,611
34,614
34,618
34,626
34,628
34,632
34,633
34,638
34,639
34,641
34,645
34,648
34,650
34,652
34,654
34,656
34,659
34,662
34,673
34,674
34,675
34,678
34,685
34,690
34,691
34,693
34,695
34,696
34,703
34,708
34,710
34,711
34,713
34,716
34,723
34,724
34,726
34,729
34,733
34,734
34,737
34,739
34,740
34,746
34,755
34,756
34,758
34,760
34,763
34,770
34,777
34,784
34,789
34,790
34,792
34,793
34,794
34,802
34,804
38,211
38,802
39,2
39,328
39,392
39,590
39,609
39,626
39,740
39,785
39,793
44,8
44,10
44,13
44,14
44,17
44,18
44,21
44,25
44,29
44,37
44,47
44,50
44,58
44,79
44,81
44,83
44,85
44,91
44,92
44,98
44,112
44,114
44,115
44,116
44,117
44,118
44,119
44,128
44,130
44,132
44,133
44,134
44,136
44,141
44,144
44,148
44,150
44,152
44,157
44,171
44,182
44,203
44,210
44,211
44,212
44,215
44,216
44,223
44,230
44,231
44,234
44,237
44,244
44,245
44,247
44,250
44,262
44,279
44,280
44,282
44,285
44,286
44,288
44,289
44,290
44,300
44,303
44,304
44,312
44,315
44,316
44,327
44,330
44,343
44,346
44,348
44,349
44,350
44,357
44,359
44,360
44,361
44,365
44,367
44,376
44,383
44,384
44,386
44,387
44,392
44,406
44,410
44,413
44,414
44,419
44,419
44,419
44,421
44,426
44,429
44,431
44,435
44,437
44,440
44,446
44,448
44,450
44,453
44,454
44,457
44,463
44,465
44,467
44,468
44,469
44,472
44,474
44,475
44,478
44,480
44,483
44,484
44,485
44,486
44,487
44,488
44,489
44,491
44,492
44,496
44,501
44,504
44,509
44,511
44,518
44,526
44,527
44,530
44,536
44,537
44,538
44,540
44,541
44,542
44,543
44,544
44,549
44,551
44,554
44,557
44,558
44,559
44,566
44,567
44,568
44,569
44,575
44,576
44,580
44,581
44,585
44,586
44,588
44,603
44,604
44,606
44,609
44,610
44,612
44,613
44,614
44,618
44,622
44,623
44,626
44,627
44,631
44,635
44,637
44,638
44,639
44,645
44,647
44,648
44,651
44,656
44,663
44,665
44,668
44,672
44,673
44,674
44,675
44,676
44,677
44,678
44,679
44,682
44,686
44,710
44,711
44,716
44,722
44,724
44,734
44,735
44,736
44,737
44,739
44,740
44,742
44,743
44,747
44,751
44,757
44,758
44,769
44,770
44,774
44,776
44,777
44,778
44,787
44,788
44,792
44,795
46,8
46,12
46,13
46,14
46,17
46,18
46,20
46,20
46,21
46,25
46,50
46,61
46,83
46,85
46,92
46,103
46,115
46,117
46,118
46,129
46,130
46,132
46,133
46,135
46,136
46,140
46,152
46,154
46,177
46,182
46,187
46,188
46,206
46,210
46,211
46,212
46,216
46,230
46,240
46,249
46,254
46,256
46,257
46,261
46,262
46,265
46,266
46,268
46,280
46,282
46,300
46,312
46,339
46,344
46,346
46,356
46,357
46,359
46,360
46,362
46,376
46,394
46,397
46,404
46,406
46,413
46,437
46,440
46,442
46,445
46,449
46,450
46,468
46,477
46,478
46,480
46,481
46,483
46,485
46,487
46,489
46,499
46,502
46,524
46,532
46,536
46,537
46,538
46,544
46,551
46,566
46,567
46,584
46,588
46,602
46,606
46,609
46,613
46,614
46,626
46,627
46,635
46,638
46,656
46,680
46,710
46,723
46,729
46,735
46,737
46,740
46,741
46,747
46,752
46,757
46,758
46,770
46,787
46,788
46,789
46,792
46,799
46,804
48,0
48,1
48,21
48,25
48,50
48,58
48,59
48,76
48,83
48,85
48,91
48,92
48,101
48,117
48,118
48,119
48,129
48,130
48,132
48,133
48,136
48,144
48,148
48,152
48,153
48,154
48,172
48,176
48,178
48,184
48,193
48,210
48,211
48,212
48,216
48,222
48,224
48,228
48,229
48,230
48,247
48,256
48,260
48,262
48,280
48,282
48,284
48,286
48,291
48,300
48,303
48,305
48,306
48,308
48,312
48,315
48,321
48,327
48,328
48,331
48,339
48,340
48,346
48,348
48,352
48,357
48,359
48,360
48,362
48,363
48,365
48,366
48,367
48,368
48,372
48,383
48,384
48,386
48,387
48,388
48,390
48,394
48,398
48,407
48,408
48,413
48,418
48,440
48,450
48,454
48,468
48,469
48,477
48,480
48,481
48,483
48,485
48,486
48,489
48,490
48,509
48,511
48,516
48,524
48,525
48,529
48,534
48,536
48,542
48,544
48,547
48,550
48,552
48,558
48,562
48,564
48,566
48,567
48,569
48,580
48,581
48,583
48,588
48,594
48,604
48,606
48,608
48,609
48,612
48,614
48,618
48,619
48,626
48,631
48,632
48,633
48,638
48,639
48,645
48,647
48,648
48,652
48,656
48,674
48,676
48,703
48,710
48,734
48,735
48,736
48,737
48,740
48,741
48,742
48,744
48,745
48,757
48,758
48,770
48,771
48,777
48,779
48,781
48,783
48,785
48,786
48,787
48,788
48,789
48,791
48,792
48,795
48,800
51,6
51,8
51,10
51,13
51,14
51,17
51,20
51,20
51,23
51,25
51,33
51,34
51,50
51,54
51,58
51,64
51,67
51,68
51,70
51,71
51,73
51,74
51,75
51,76
51,77
51,78
51,79
51,82
51,83
51,84
51,85
51,89
51,90
51,91
51,92
51,94
51,117
51,118
51,119
51,129
51,130
51,131
51,132
51,133
51,134
51,135
51,136
51,137
51,139
51,140
51,146
51,147
51,148
51,152
51,155
51,156
51,157
51,158
51,159
51,160
51,162
51,163
51,164
51,165
51,171
51,172
51,174
51,175
51,176
51,177
51,178
51,179
51,180
51,181
51,182
51,183
51,184
51,185
51,186
51,190
51,210
51,211
51,212
51,216
51,220
51,223
51,229
51,235
51,236
51,240
51,242
51,249
51,250
51,251
51,262
51,265
51,267
51,270
51,275
51,276
51,277
51,278
51,279
51,280
51,282
51,286
51,292
51,293
51,294
51,295
51,297
51,300
51,303
51,305
51,309
51,310
51,312
51,315
51,316
51,330
51,331
51,333
51,334
51,335
51,338
51,339
51,340
51,341
51,345
51,346
51,350
51,352
51,356
51,357
51,360
51,361
51,362
51,380
51,388
51,392
51,393
51,401
51,402
51,406
51,409
51,411
51,413
51,414
51,416
51,421
51,425
51,429
51,445
51,449
51,450
51,452
51,458
51,459
51,460
51,463
51,467
51,468
51,474
51,476
51,477
51,478
51,483
51,485
51,486
51,489
51,495
51,496
51,499
51,501
51,503
51,509
51,518
51,525
51,526
51,536
51,537
51,540
51,544
51,552
51,554
51,557
51,558
51,562
51,567
51,569
51,570
51,575
51,580
51,581
51,582
51,584
51,585
51,586
51,587
51,588
51,597
51,605
51,606
51,609
51,614
51,626
51,627
51,628
51,633
51,635
51,638
51,639
51,641
51,653
51,654
51,655
51,656
51,673
51,675
51,678
51,685
51,690
51,691
51,701
51,703
51,704
51,706
51,707
51,708
51,710
51,716
51,723
51,726
51,734
51,736
51,737
51,739
51,740
51,756
51,758
51,760
51,767
51,770
51,776
51,789
51,792
51,793
51,798
51,802
51,804
53,6
53,8
53,10
53,13
53,14
53,17
53,20
53,20
53,23
53,25
53,33
53,34
53,50
53,54
53,58
53,64
53,67
53,68
53,70
53,71
53,73
53,74
53,75
53,76
53,77
53,78
53,79
53,82
53,83
53,84
53,85
53,89
53,90
53,91
53,92
53,94
53,117
53,118
53,119
53,129
53,130
53,131
53,132
53,133
53,134
53,135
53,136
53,137
53,139
53,140
53,146
53,147
53,148
53,152
53,155
53,156
53,157
53,158
53,159
53,160
53,162
53,163
53,164
53,165
53,171
53,172
53,174
53,175
53,176
53,177
53,178
53,179
53,180
53,181
53,182
53,183
53,184
53,185
53,186
53,190
53,210
53,211
53,212
53,216
53,220
53,223
53,229
53,235
53,236
53,240
53,242
53,249
53,250
53,251
53,262
53,265
53,267
53,270
53,275
53,276
53,277
53,278
53,279
53,280
53,282
53,286
53,292
53,293
53,294
53,295
53,297
53,300
53,303
53,305
53,309
53,310
53,312
53,315
53,316
53,330
53,331
53,333
53,334
53,335
53,338
53,339
53,340
53,341
53,345
53,346
53,350
53,352
53,356
53,357
53,360
53,361
53,362
53,380
53,388
53,392
53,393
53,401
53,402
53,406
53,409
53,411
53,413
53,414
53,416
53,421
53,425
53,429
53,445
53,449
53,450
53,452
53,458
53,459
53,460
53,463
53,467
53,468
53,474
53,476
53,477
53,478
53,483
53,485
53,486
53,489
53,495
53,496
53,499
53,501
53,503
53,509
53,518
53,525
53,526
53,536
53,537
53,540
53,544
53,552
53,554
53,557
53,558
53,562
53,567
53,569
53,570
53,575
53,580
53,581
53,582
53,584
53,585
53,586
53,587
53,588
53,597
53,605
53,606
53,609
53,614
53,626
53,627
53,628
53,633
53,635
53,638
53,639
53,641
53,653
53,654
53,655
53,656
53,673
53,675
53,678
53,685
53,690
53,691
53,701
53,703
53,704
53,706
53,707
53,708
53,710
53,716
53,723
53,726
53,734
53,736
53,737
53,739
53,740
53,756
53,758
53,760
53,767
53,770
53,776
53,789
53,792
53,793
53,798
53,802
53,804
62,483
63,83
63,241
63,280
63,391
63,595
63,609
63,799
69,13
69,14
69,17
69,21
69,25
69,33
69,40
69,50
69,58
69,67
69,70
69,85
69,105
69,108
69,109
69,132
69,136
69,143
69,150
69,154
69,197
69,207
69,208
69,210
69,211
69,212
69,219
69,240
69,247
69,248
69,288
69,300
69,315
69,321
69,327
69,338
69,339
69,344
69,346
69,352
69,357
69,359
69,365
69,385
69,390
69,399
69,406
69,413
69,429
69,430
69,448
69,453
69,454
69,467
69,470
69,472
69,481
69,483
69,486
69,487
69,502
69,509
69,536
69,537
69,540
69,544
69,547
69,552
69,559
69,562
69,567
69,569
69,574
69,600
69,606
69,609
69,626
69,635
69,638
69,639
69,641
69,646
69,650
69,656
69,661
69,664
69,678
69,711
69,734
69,735
69,736
69,737
69,740
69,741
69,742
69,758
69,787
69,792
69,794
69,796
69,800
71,73
71,113
71,211
71,254
71,280
71,282
71,300
71,307
71,338
71,387
71,388
71,392
71,393
71,394
71,449
71,557
71,581
71,609
71,618
71,627
71,639
71,710
71,711
71,740
71,747
71,758
71,800
78,58
78,133
78,235
78,247
78,262
78,280
78,300
78,312
78,371
78,381
78,388
78,390
78,393
78,402
78,421
78,483
78,543
78,567
78,581
78,583
78,609
78,618
78,632
78,734
78,741
78,770
78,778
78,802
78,803
79,6
79,13
79,17
79,21
79,25
79,29
79,45
79,46
79,85
79,88
79,92
79,100
79,112
79,118
79,128
79,132
79,133
79,136
79,141
79,144
79,148
79,171
79,210
79,211
79,212
79,230
79,245
79,261
79,280
79,283
79,284
79,286
79,289
79,300
79,312
79,315
79,316
79,317
79,319
79,331
79,346
79,348
79,354
79,355
79,357
79,360
79,362
79,366
79,371
79,376
79,377
79,383
79,384
79,387
79,394
79,403
79,429
79,430
79,431
79,436
79,450
79,454
79,469
79,478
79,481
79,483
79,484
79,518
79,536
79,550
79,552
79,555
79,557
79,558
79,565
79,567
79,575
79,581
79,588
79,591
79,606
79,610
79,614
79,621
79,622
79,626
79,632
79,634
79,635
79,639
79,656
79,658
79,665
79,710
79,715
79,734
79,735
79,736
79,737
79,738
79,744
79,765
79,767
79,778
79,787
79,792
79,803
79,804
80,6
80,13
80,17
80,21
80,25
80,29
80,45
80,46
80,85
80,88
80,92
80,100
80,112
80,118
80,128
80,132
80,133
80,136
80,141
80,144
80,148
80,171
80,210
80,211
80,212
80,230
80,245
80,261
80,280
80,283
80,284
80,286
80,289
80,300
80,312
80,315
80,316
80,317
80,319
80,331
80,346
80,348
80,354
80,355
80,357
80,360
80,362
80,366
80,371
80,376
80,377
80,383
80,384
80,387
80,394
80,403
80,429
80,430
80,431
80,436
80,450
80,454
80,469
80,478
80,481
80,483
80,484
80,518
80,536
80,550
80,552
80,555
80,557
80,558
80,565
80,567
80,575
80,581
80,588
80,591
80,606
80,610
80,614
80,621
80,622
80,626
80,632
80,634
80,635
80,639
80,656
80,658
80,665
80,710
80,715
80,734
80,735
80,736
80,737
80,738
80,744
80,765
80,767
80,778
80,787
80,792
80,803
80,804
82,8
82,13
82,14
82,17
82,25
82,45
82,49
82,55
82,83
82,84
82,85
82,92
82,100
82,114
82,118
82,125
82,128
82,133
82,150
82,151
82,200
82,210
82,211
82,212
82,230
82,262
82,280
82,282
82,283
82,286
82,289
82,300
82,305
82,312
82,317
82,319
82,320
82,327
82,348
82,359
82,360
82,362
82,377
82,383
82,386
82,392
82,395
82,396
82,410
82,413
82,429
82,432
82,450
82,462
82,463
82,478
82,480
82,483
82,495
82,538
82,555
82,557
82,558
82,567
82,576
82,588
82,606
82,613
82,614
82,621
82,622
82,623
82,626
82,635
82,638
82,639
82,645
82,658
82,661
82,715
82,719
82,736
82,737
82,740
82,758
82,765
82,787
82,792
82,804
85,9
85,13
85,14
85,16
85,17
85,21
85,28
85,29
85,30
85,39
85,42
85,43
85,44
85,45
85,46
85,49
85,50
85,55
85,58
85,83
85,84
85,85
85,90
85,91
85,92
85,100
85,105
85,114
85,115
85,117
85,118
85,119
85,128
85,132
85,133
85,136
85,140
85,152
85,153
85,170
85,171
85,186
85,188
85,189
85,190
85,194
85,209
85,210
85,211
85,212
85,213
85,214
85,216
85,222
85,224
85,227
85,228
85,229
85,247
85,248
85,253
85,261
85,263
85,280
85,281
85,282
85,283
85,284
85,286
85,300
85,303
85,305
85,307
85,308
85,312
85,315
85,316
85,323
85,327
85,328
85,331
85,338
85,346
85,352
85,357
85,358
85,359
85,360
85,361
85,365
85,366
85,367
85,369
85,371
85,378
85,382
85,383
85,385
85,386
85,387
85,388
85,389
85,390
85,391
85,392
85,393
85,394
85,400
85,402
85,404
85,407
85,414
85,418
85,419
85,419
85,419
85,421
85,422
85,425
85,428
85,434
85,440
85,450
85,453
85,454
85,456
85,468
85,469
85,471
85,472
85,474
85,476
85,477
85,478
85,481
85,483
85,485
85,486
85,489
85,490
85,495
85,501
85,502
85,508
85,509
85,524
85,525
85,526
85,529
85,530
85,531
85,532
85,536
85,537
85,542
85,543
85,544
85,548
85,552
85,553
85,558
85,559
85,562
85,564
85,565
85,566
85,567
85,568
85,569
85,572
85,574
85,576
85,580
85,581
85,588
85,594
85,595
85,599
85,600
85,604
85,606
85,609
85,610
85,613
85,614
85,618
85,619
85,622
85,623
85,631
85,632
85,638
85,639
85,643
85,645
85,649
85,652
85,656
85,661
85,662
85,664
85,667
85,679
85,700
85,702
85,710
85,712
85,722
85,735
85,736
85,737
85,740
85,741
85,742
85,743
85,745
85,758
85,770
85,771
85,772
85,774
85,781
85,785
85,786
85,787
85,788
85,789
85,792
85,793
85,796
85,799
85,800
85,802
85,803
85,804
91,8
91,10
91,13
91,17
91,25
91,85
91,92
91,100
91,128
91,132
91,133
91,135
91,136
91,150
91,151
91,171
91,201
91,230
91,244
91,261
91,300
91,354
91,357
91,360
91,376
91,377
91,383
91,421
91,436
91,440
91,461
91,462
91,463
91,480
91,483
91,486
91,508
91,523
91,524
91,532
91,565
91,567
91,580
91,581
91,583
91,588
91,606
91,610
91,614
91,622
91,632
91,635
91,658
91,710
91,723
91,737
91,763
91,787
91,804
93,58
93,144
93,148
93,346
93,371
93,454
93,518
93,632
93,747
94,58
94,144
94,148
94,346
94,371
94,454
94,518
94,632
94,747
96,229
98,21
98,25
98,49
98,54
98,55
98,58
98,85
98,92
98,100
98,105
98,113
98,115
98,117
98,118
98,119
98,124
98,133
98,136
98,153
98,171
98,172
98,210
98,211
98,212
98,215
98,230
98,231
98,280
98,300
98,325
98,348
98,365
98,368
98,371
98,384
98,403
98,447
98,478
98,481
98,483
98,485
98,486
98,509
98,523
98,534
98,543
98,550
98,557
98,562
98,567
98,581
98,583
98,588
98,609
98,613
98,614
98,623
98,632
98,634
98,635
98,644
98,645
98,656
98,740
98,744
98,758
98,765
98,768
98,787
101,25
101,28
101,34
101,50
101,58
101,62
101,78
101,83
101,85
101,136
101,140
101,144
101,148
101,210
101,211
101,212
101,216
101,262
101,285
101,286
101,300
101,308
101,315
101,338
101,357
101,366
101,367
101,385
101,387
101,390
101,391
101,392
101,402
101,404
101,407
101,408
101,414
101,434
101,444
101,453
101,454
101,455
101,483
101,484
101,488
101,509
101,512
101,518
101,526
101,532
101,554
101,567
101,569
101,588
101,606
101,609
101,611
101,614
101,618
101,619
101,623
101,624
101,631
101,639
101,652
101,656
101,662
101,722
101,735
101,736
101,737
101,740
101,741
101,742
101,758
101,770
101,772
101,781
101,785
101,800
102,801
104,5
104,8
104,10
104,13
104,14
104,17
104,21
104,28
104,42
104,45
104,49
104,50
104,55
104,58
104,59
104,60
104,82
104,83
104,84
104,85
104,92
104,100
104,105
104,114
104,117
104,118
104,119
104,120
104,124
104,128
104,129
104,131
104,133
104,136
104,144
104,148
104,171
104,174
104,176
104,178
104,187
104,209
104,210
104,211
104,212
104,216
104,222
104,224
104,225
104,228
104,229
104,230
104,231
104,241
104,244
104,245
104,247
104,249
104,258
104,262
104,280
104,285
104,286
104,290
104,291
104,294
104,300
104,303
104,307
104,308
104,312
104,315
104,316
104,324
104,327
104,331
104,338
104,352
104,357
104,359
104,360
104,365
104,366
104,367
104,371
104,376
104,377
104,383
104,385
104,386
104,387
104,388
104,389
104,390
104,391
104,392
104,393
104,394
104,395
104,397
104,404
104,405
104,408
104,409
104,411
104,414
104,419
104,419
104,419
104,429
104,430
104,434
104,435
104,438
104,448
104,450
104,453
104,454
104,455
104,456
104,465
104,466
104,469
104,476
104,477
104,478
104,480
104,481
104,483
104,484
104,485
104,486
104,487
104,488
104,489
104,490
104,491
104,492
104,496
104,502
104,503
104,508
104,509
104,511
104,512
104,516
104,518
104,523
104,524
104,525
104,526
104,528
104,529
104,536
104,538
104,539
104,544
104,548
104,550
104,552
104,557
104,558
104,564
104,565
104,566
104,567
104,569
104,571
104,576
104,580
104,581
104,583
104,586
104,588
104,589
104,593
104,595
104,604
104,606
104,607
104,609
104,610
104,611
104,614
104,617
104,618
104,619
104,622
104,623
104,626
104,631
104,632
104,638
104,639
104,642
104,645
104,646
104,648
104,652
104,656
104,661
104,662
104,667
104,676
104,678
104,679
104,684
104,699
104,709
104,710
104,715
104,716
104,722
104,734
104,735
104,736
104,737
104,740
104,741
104,742
104,743
104,745
104,758
104,769
104,770
104,771
104,773
104,774
104,775
104,777
104,778
104,783
104,784
104,785
104,786
104,787
104,788
104,789
104,792
104,793
104,796
104,799
104,800
104,802
105,5
105,8
105,10
105,13
105,14
105,17
105,21
105,28
105,42
105,45
105,49
105,50
105,55
105,58
105,59
105,60
105,82
105,83
105,84
105,85
105,92
105,100
105,105
105,114
105,117
105,118
105,119
105,120
105,124
105,128
105,129
105,131
105,133
105,136
105,144
105,148
105,171
105,174
105,176
105,178
105,187
105,209
105,210
105,211
105,212
105,216
105,222
105,224
105,225
105,228
105,229
105,230
105,231
105,241
105,244
105,245
105,247
105,249
105,258
105,262
105,280
105,285
105,286
105,290
105,291
105,294
105,300
105,303
105,307
105,308
105,312
105,315
105,316
105,324
105,327
105,331
105,338
105,352
105,357
105,359
105,360
105,365
105,366
105,367
105,371
105,376
105,377
105,383
105,385
105,386
105,387
105,388
105,389
105,390
105,391
105,392
105,393
105,394
105,395
105,397
105,404
105,405
105,408
105,409
105,411
105,414
105,419
105,419
105,419
105,429
105,430
105,434
105,435
105,438
105,448
105,450
105,453
105,454
105,455
105,456
105,465
105,466
105,469
105,476
105,477
105,478
105,480
105,481
105,483
105,484
105,485
105,486
105,487
105,488
105,489
105,490
105,491
105,492
105,496
105,502
105,503
105,508
105,509
105,511
105,512
105,516
105,518
105,523
105,524
105,525
105,526
105,528
105,529
105,536
105,538
105,539
105,544
105,548
105,550
105,552
105,557
105,558
105,564
105,565
105,566
105,567
105,569
105,571
105,576
105,580
105,581
105,583
105,586
105,588
105,589
105,593
105,595
105,604
105,606
105,607
105,609
105,610
105,611
105,614
105,617
105,618
105,619
105,622
105,623
105,626
105,631
105,632
105,638
105,639
105,642
105,645
105,646
105,648
105,652
105,656
105,661
105,662
105,667
105,676
105,678
105,679
105,684
105,699
105,709
105,710
105,715
105,716
105,722
105,734
105,735
105,736
105,737
105,740
105,741
105,742
105,743
105,745
105,758
105,769
105,770
105,771
105,773
105,774
105,775
105,777
105,778
105,783
105,784
105,785
105,786
105,787
105,788
105,789
105,792
105,793
105,796
105,799
105,800
105,802
108,230
108,639
108,650
108,758
109,106
109,367
109,578
113,1
113,5
113,6
113,14
113,15
113,18
113,21
113,25
113,26
113,28
113,34
113,35
113,42
113,43
113,45
113,49
113,50
113,51
113,52
113,55
113,58
113,76
113,81
113,83
113,84
113,85
113,86
113,89
113,91
113,92
113,105
113,107
113,109
113,113
113,114
113,115
113,117
113,118
113,119
113,120
113,129
113,132
113,133
113,136
113,144
113,146
113,148
113,150
113,151
113,152
113,157
113,170
113,171
113,172
113,176
113,178
113,181
113,188
113,190
113,191
113,193
113,195
113,196
113,198
113,201
113,204
113,209
113,210
113,211
113,212
113,213
113,215
113,216
113,217
113,222
113,224
113,228
113,229
113,230
113,231
113,232
113,241
113,244
113,245
113,247
113,249
113,252
113,253
113,254
113,256
113,259
113,260
113,261
113,263
113,274
113,280
113,282
113,283
113,286
113,289
113,297
113,301
113,303
113,307
113,308
113,312
113,313
113,314
113,315
113,316
113,327
113,328
113,331
113,338
113,342
113,348
113,350
113,357
113,359
113,360
113,361
113,362
113,365
113,366
113,367
113,371
113,373
113,376
113,380
113,385
113,386
113,387
113,388
113,389
113,390
113,391
113,392
113,393
113,394
113,400
113,404
113,405
113,406
113,407
113,408
113,411
113,413
113,418
113,419
113,419
113,419
113,421
113,422
113,423
113,425
113,427
113,429
113,434
113,435
113,436
113,437
113,438
113,439
113,440
113,448
113,450
113,453
113,454
113,455
113,457
113,463
113,467
113,469
113,472
113,476
113,477
113,478
113,481
113,482
113,483
113,484
113,485
113,486
113,488
113,489
113,490
113,491
113,492
113,495
113,502
113,503
113,504
113,506
113,508
113,509
113,511
113,512
113,515
113,516
113,518
113,522
113,524
113,525
113,526
113,527
113,536
113,537
113,539
113,542
113,544
113,545
113,546
113,548
113,549
113,552
113,554
113,558
113,562
113,563
113,564
113,565
113,566
113,567
113,568
113,569
113,572
113,573
113,574
113,575
113,576
113,578
113,580
113,581
113,588
113,594
113,595
113,600
113,603
113,606
113,609
113,610
113,611
113,612
113,613
113,614
113,616
113,617
113,618
113,619
113,622
113,623
113,624
113,626
113,627
113,629
113,631
113,632
113,635
113,638
113,639
113,643
113,645
113,646
113,648
113,651
113,652
113,656
113,657
113,660
113,661
113,663
113,665
113,667
113,669
113,678
113,681
113,683
113,700
113,701
113,710
113,715
113,716
113,719
113,722
113,728
113,734
113,735
113,736
113,737
113,739
113,740
113,741
113,742
113,743
113,745
113,748
113,753
113,756
113,757
113,758
113,759
113,770
113,771
113,772
113,773
113,774
113,779
113,781
113,782
113,785
113,786
113,788
113,789
113,792
113,793
113,795
113,796
113,799
113,800
113,801
113,802
113,803
113,804
114,1
114,5
114,6
114,14
114,15
114,18
114,21
114,25
114,26
114,28
114,34
114,35
114,42
114,43
114,45
114,49
114,50
114,51
114,52
114,55
114,58
114,76
114,81
114,83
114,84
114,85
114,86
114,89
114,91
114,92
114,105
114,107
114,109
114,113
114,114
114,115
114,117
114,118
114,119
114,120
114,129
114,132
114,133
114,136
114,144
114,146
114,148
114,150
114,151
114,152
114,157
114,170
114,171
114,172
114,176
114,178
114,181
114,188
114,190
114,191
114,193
114,195
114,196
114,198
114,201
114,204
114,209
114,210
114,211
114,212
114,213
114,215
114,216
114,217
114,222
114,224
114,228
114,229
114,230
114,231
114,232
114,241
114,244
114,245
114,247
114,249
114,252
114,253
114,254
114,256
114,259
114,260
114,261
114,263
114,274
114,280
114,282
114,283
114,286
114,289
114,297
114,301
114,303
114,307
114,308
114,312
114,313
114,314
114,315
114,316
114,327
114,328
114,331
114,338
114,342
114,348
114,350
114,357
114,359
114,360
114,361
114,362
114,365
114,366
114,367
114,371
114,373
114,376
114,380
114,385
114,386
114,387
114,388
114,389
114,390
114,391
114,392
114,393
114,394
114,400
114,404
114,405
114,406
114,407
114,408
114,411
114,413
114,418
114,419
114,419
114,419
114,421
114,422
114,423
114,425
114,427
114,429
114,434
114,435
114,436
114,437
114,438
114,439
114,440
114,448
114,450
114,453
114,454
114,455
114,457
114,463
114,467
114,469
114,472
114,476
114,477
114,478
114,481
114,482
114,483
114,484
114,485
114,486
114,488
114,489
114,490
114,491
114,492
114,495
114,502
114,503
114,504
114,506
114,508
114,509
114,511
114,512
114,515
114,516
114,518
114,522
114,524
114,525
114,526
114,527
114,536
114,537
114,539
114,542
114,544
114,545
114,546
114,548
114,549
114,552
114,554
114,558
114,562
114,563
114,564
114,565
114,566
114,567
114,568
114,569
114,572
114,573
114,574
114,575
114,576
114,578
114,580
114,581
114,588
114,594
114,595
114,600
114,603
114,606
114,609
114,610
114,611
114,612
114,613
114,614
114,616
114,617
114,618
114,619
114,622
114,623
114,624
114,626
114,627
114,629
114,631
114,632
114,635
114,638
114,639
114,643
114,645
114,646
114,648
114,651
114,652
114,656
114,657
114,660
114,661
114,663
114,665
114,667
114,669
114,678
114,681
114,683
114,700
114,701
114,710
114,715
114,716
114,719
114,722
114,728
114,734
114,735
114,736
114,737
114,739
114,740
114,741
114,742
114,743
114,745
114,748
114,753
114,756
114,757
114,758
114,759
114,770
114,771
114,772
114,773
114,774
114,779
114,781
114,782
114,785
114,786
114,788
114,789
114,792
114,793
114,795
114,796
114,799
114,800
114,801
114,802
114,803
114,804
115,8
115,10
115,13
115,21
115,25
115,90
115,117
115,236
115,280
115,303
115,306
115,316
115,343
115,386
115,483
115,486
115,527
115,536
115,562
115,566
115,569
115,665
115,695
115,697
115,770
120,50
120,91
120,237
120,413
120,414
120,481
121,7
121,14
121,21
121,40
121,52
121,56
121,57
121,58
121,60
121,73
121,83
121,85
121,92
121,103
121,119
121,128
121,133
121,154
121,164
121,189
121,202
121,205
121,249
121,254
121,255
121,269
121,273
121,275
121,282
121,286
121,292
121,300
121,317
121,318
121,319
121,331
121,353
121,357
121,366
121,386
121,393
121,403
121,461
121,462
121,472
121,478
121,480
121,489
121,503
121,508
121,536
121,537
121,549
121,551
121,563
121,566
121,567
121,568
121,580
121,610
121,626
121,633
121,638
121,656
121,708
121,710
121,711
121,712
121,717
121,722
121,736
121,737
121,740
121,747
121,754
121,756
121,758
121,765
121,770
121,797
122,58
122,83
122,84
122,95
122,103
122,114
122,128
122,136
122,176
122,189
122,244
122,432
122,449
122,469
122,483
122,484
122,485
122,526
122,560
122,564
122,567
122,581
122,606
122,610
122,626
122,638
122,639
122,648
122,656
122,710
122,722
122,731
122,737
122,756
122,765
122,770
122,792
126,108
126,109
126,189
126,207
126,208
126,219
126,248
126,292
126,310
126,359
126,451
126,464
126,551
126,650
126,711
126,737
126,747
126,784
127,9
127,41
127,70
127,72
127,75
127,76
127,95
127,96
127,103
127,108
127,109
127,122
127,162
127,164
127,165
127,184
127,207
127,208
127,211
127,219
127,247
127,248
127,278
127,279
127,339
127,346
127,359
127,388
127,399
127,421
127,456
127,475
127,483
127,499
127,502
127,524
127,544
127,551
127,568
127,572
127,611
127,632
127,650
127,652
127,656
127,685
127,690
127,693
127,708
127,724
127,734
127,737
127,739
127,747
127,793
127,802
130,1
130,13
130,14
130,17
130,24
130,25
130,30
130,33
130,40
130,45
130,49
130,50
130,55
130,58
130,85
130,91
130,92
130,105
130,115
130,118
130,128
130,133
130,135
130,136
130,144
130,146
130,148
130,150
130,171
130,201
130,202
130,205
130,210
130,211
130,212
130,225
130,229
130,233
130,235
130,247
130,254
130,259
130,280
130,282
130,283
130,286
130,289
130,300
130,308
130,312
130,313
130,314
130,315
130,327
130,329
130,338
130,346
130,350
130,357
130,359
130,360
130,362
130,363
130,365
130,366
130,368
130,369
130,373
130,376
130,384
130,389
130,391
130,392
130,402
130,407
130,414
130,419
130,420
130,421
130,429
130,431
130,442
130,447
130,454
130,456
130,457
130,463
130,465
130,468
130,469
130,474
130,478
130,480
130,481
130,483
130,486
130,487
130,489
130,503
130,509
130,510
130,513
130,518
130,532
130,536
130,543
130,550
130,551
130,553
130,564
130,567
130,568
130,569
130,572
130,580
130,588
130,599
130,601
130,604
130,606
130,609
130,612
130,613
130,614
130,617
130,619
130,622
130,623
130,626
130,630
130,632
130,633
130,636
130,638
130,639
130,645
130,648
130,656
130,665
130,678
130,710
130,711
130,715
130,720
130,730
130,732
130,736
130,737
130,739
130,740
130,742
130,745
130,758
130,763
130,770
130,771
130,772
130,776
130,787
130,788
130,792
130,795
130,801
131,21
131,61
131,210
131,211
131,212
131,230
131,245
131,258
131,259
131,261
131,262
131,315
131,316
131,334
131,392
131,421
131,429
131,430
131,431
131,432
131,433
131,434
131,483
131,484
131,514
131,542
131,543
131,544
131,558
131,562
131,567
131,581
131,606
131,613
131,638
131,639
131,724
131,740
131,758
131,770
131,777
131,792
131,802
135,7
135,8
135,10
135,13
135,14
135,16
135,17
135,18
135,20
135,21
135,24
135,25
135,33
135,34
135,42
135,45
135,49
135,50
135,53
135,55
135,58
135,61
135,62
135,65
135,76
135,83
135,85
135,86
135,89
135,90
135,91
135,92
135,105
135,112
135,114
135,115
135,118
135,122
135,129
135,130
135,132
135,133
135,136
135,137
135,139
135,140
135,143
135,150
135,152
135,153
135,154
135,170
135,171
135,172
135,176
135,178
135,179
135,180
135,181
135,182
135,183
135,184
135,186
135,190
135,192
135,194
135,195
135,197
135,203
135,205
135,210
135,211
135,212
135,213
135,215
135,216
135,228
135,230
135,239
135,240
135,244
135,247
135,249
135,250
135,261
135,262
135,263
135,264
135,265
135,266
135,267
135,268
135,276
135,279
135,280
135,281
135,282
135,286
135,288
135,289
135,294
135,296
135,300
135,303
135,304
135,305
135,308
135,312
135,315
135,316
135,317
135,319
135,327
135,331
135,332
135,337
135,338
135,339
135,344
135,346
135,351
135,357
135,358
135,359
135,360
135,361
135,365
135,366
135,367
135,369
135,370
135,371
135,373
135,376
135,383
135,384
135,387
135,388
135,393
135,401
135,404
135,406
135,410
135,411
135,413
135,414
135,417
135,425
135,427
135,429
135,434
135,437
135,438
135,439
135,441
135,442
135,444
135,445
135,446
135,448
135,449
135,450
135,458
135,461
135,464
135,472
135,473
135,474
135,478
135,480
135,481
135,483
135,484
135,485
135,486
135,487
135,488
135,489
135,492
135,495
135,501
135,503
135,505
135,509
135,511
135,518
135,524
135,530
135,531
135,536
135,537
135,540
135,541
135,544
135,547
135,550
135,552
135,554
135,557
135,558
135,559
135,562
135,565
135,566
135,567
135,568
135,569
135,574
135,576
135,587
135,588
135,591
135,592
135,594
135,599
135,604
135,605
135,606
135,609
135,610
135,612
135,613
135,614
135,619
135,622
135,625
135,626
135,627
135,632
135,635
135,638
135,639
135,641
135,645
135,656
135,665
135,667
135,669
135,672
135,673
135,674
135,675
135,676
135,677
135,678
135,679
135,682
135,688
135,710
135,715
135,718
135,722
135,733
135,735
135,736
135,737
135,739
135,740
135,741
135,742
135,747
135,748
135,757
135,758
135,770
135,776
135,782
135,785
135,786
135,787
135,789
135,792
135,793
135,796
138,33
138,42
138,43
138,44
138,83
138,85
138,132
138,133
138,136
138,139
138,140
138,143
138,152
138,153
138,154
138,170
138,171
138,201
138,202
138,205
138,210
138,211
138,212
138,222
138,283
138,303
138,312
138,315
138,338
138,346
138,357
138,360
138,367
138,376
138,387
138,388
138,390
138,391
138,392
138,393
138,394
138,434
138,453
138,454
138,478
138,479
138,481
138,483
138,509
138,518
138,540
138,543
138,590
138,594
138,600
138,609
138,618
138,619
138,638
138,639
138,645
138,656
138,736
138,740
138,770
138,771
138,785
138,789
138,796
138,802
145,21
145,25
145,29
145,83
145,85
145,114
145,128
145,130
145,133
145,178
145,199
145,201
145,222
145,229
145,274
145,282
145,305
145,357
145,361
145,366
145,368
145,392
145,415
145,429
145,430
145,453
145,454
145,483
145,485
145,588
145,600
145,619
145,632
145,638
145,639
145,656
145,688
145,733
145,734
145,736
145,741
145,742
145,755
145,764
145,792
145,798
146,486
146,567
146,639
147,34
147,58
147,83
147,85
147,115
147,132
147,133
147,136
147,178
147,210
147,211
147,212
147,230
147,299
147,300
147,365
147,366
147,387
147,388
147,392
147,394
147,429
147,450
147,468
147,469
147,483
147,484
147,485
147,486
147,487
147,526
147,557
147,567
147,580
147,581
147,583
147,606
147,622
147,638
147,639
147,647
147,656
147,663
147,735
147,736
147,737
147,741
147,758
147,770
147,772
147,787
147,788
147,792
147,799
150,58
150,211
150,262
150,312
150,388
150,486
150,536
150,609
150,618
150,656
150,802
152,71
152,102
152,312
152,419
152,419
152,419
152,540
152,594
152,627
152,739
152,753
154,327
156,737
156,770
156,774
160,33
160,76
160,152
160,264
160,406
160,693
162,11
162,12
162,14
162,17
162,28
162,62
162,73
162,75
162,76
162,95
162,102
162,103
162,133
162,137
162,139
162,140
162,148
162,150
162,155
162,157
162,162
162,164
162,165
162,167
162,179
162,184
162,186
162,190
162,194
162,213
162,216
162,240
162,259
162,266
162,271
162,276
162,277
162,278
162,279
162,286
162,294
162,300
162,313
162,314
162,317
162,319
162,337
162,339
162,341
162,362
162,373
162,383
162,390
162,392
162,393
162,406
162,411
162,421
162,449
162,464
162,478
162,483
162,499
162,505
162,521
162,537
162,540
162,557
162,565
162,599
162,607
162,626
162,627
162,635
162,685
162,690
162,691
162,724
162,747
162,752
162,770
162,785
162,793
163,11
163,12
163,14
163,17
163,28
163,62
163,73
163,75
163,76
163,95
163,102
163,103
163,133
163,137
163,139
163,140
163,148
163,150
163,155
163,157
163,162
163,164
163,165
163,167
163,179
163,184
163,186
163,190
163,194
163,213
163,216
163,240
163,259
163,266
163,271
163,276
163,277
163,278
163,279
163,286
163,294
163,300
163,313
163,314
163,317
163,319
163,337
163,339
163,341
163,362
163,373
163,383
163,390
163,392
163,393
163,406
163,411
163,421
163,449
163,464
163,478
163,483
163,499
163,505
163,521
163,537
163,540
163,557
163,565
163,599
163,607
163,626
163,627
163,635
163,685
163,690
163,691
163,724
163,747
163,752
163,770
163,785
163,793
164,26
164,130
164,176
164,180
164,280
164,286
164,300
164,303
164,311
164,312
164,366
164,419
164,419
164,419
164,448
164,481
164,483
164,505
164,509
164,537
164,567
164,580
164,609
164,614
164,619
164,638
164,645
164,646
164,667
164,674
164,678
164,785
168,176
168,224
168,346
168,794
171,13
171,223
171,305
171,327
171,548
171,659
171,723
173,45
173,49
173,55
173,56
173,57
173,275
173,318
173,633
173,703
173,747
173,770
176,368
176,369
176,370
176,634
178,8
178,9
178,10
178,11
178,13
178,14
178,17
178,21
178,25
178,33
178,38
178,42
178,56
178,58
178,69
178,83
178,92
178,96
178,100
178,114
178,133
178,153
178,188
178,211
178,223
178,231
178,247
178,254
178,259
178,262
178,280
178,286
178,289
178,300
178,303
178,305
178,306
178,312
178,315
178,359
178,360
178,365
178,366
178,371
178,387
178,389
178,390
178,391
178,397
178,404
178,408
178,421
178,429
178,434
178,435
178,436
178,438
178,450
178,455
178,457
178,478
178,483
178,484
178,486
178,490
178,492
178,518
178,523
178,524
178,526
178,538
178,539
178,548
178,556
178,562
178,565
178,566
178,567
178,572
178,581
178,583
178,589
178,598
178,606
178,609
178,618
178,622
178,626
178,631
178,632
178,635
178,639
178,648
178,656
178,658
178,667
178,696
178,703
178,712
178,722
178,724
178,733
178,736
178,737
178,740
178,743
178,753
178,768
178,769
178,770
178,771
178,773
178,774
178,777
178,785
178,786
178,787
178,788
178,792
178,799
178,800
180,2
180,30
180,53
180,70
180,77
180,81
180,82
180,189
180,242
180,244
180,249
180,275
180,279
180,286
180,451
180,594
180,675
180,678
180,747
180,785
182,56
182,83
182,176
182,201
182,262
182,300
182,305
182,359
182,360
182,404
182,413
182,483
182,513
182,531
182,552
182,562
182,567
182,581
182,583
182,609
182,619
182,626
182,638
182,639
182,652
182,710
182,737
182,785
182,790
182,792
183,6
183,13
183,14
183,18
183,21
183,25
183,29
183,44
183,47
183,50
183,51
183,58
183,66
183,83
183,84
183,85
183,87
183,90
183,91
183,92
183,96
183,113
183,114
183,116
183,117
183,118
183,119
183,121
183,128
183,129
183,130
183,132
183,133
183,134
183,135
183,136
183,144
183,145
183,148
183,150
183,167
183,171
183,174
183,176
183,177
183,178
183,186
183,190
183,195
183,202
183,203
183,210
183,211
183,212
183,213
183,215
183,216
183,222
183,223
183,229
183,230
183,231
183,232
183,233
183,236
183,237
183,245
183,247
183,262
183,270
183,279
183,280
183,282
183,284
183,286
183,289
183,290
183,292
183,299
183,303
183,308
183,312
183,316
183,325
183,326
183,327
183,328
183,331
183,338
183,343
183,346
183,348
183,351
183,355
183,357
183,359
183,360
183,363
183,365
183,366
183,367
183,368
183,374
183,376
183,386
183,387
183,390
183,391
183,392
183,394
183,403
183,408
183,410
183,412
183,414
183,415
183,416
183,424
183,428
183,429
183,430
183,434
183,437
183,440
183,442
183,450
183,453
183,454
183,457
183,461
183,465
183,466
183,467
183,468
183,469
183,471
183,472
183,473
183,477
183,478
183,479
183,480
183,481
183,483
183,484
183,485
183,486
183,487
183,489
183,490
183,491
183,498
183,502
183,504
183,507
183,509
183,511
183,513
183,515
183,517
183,518
183,519
183,524
183,526
183,527
183,532
183,536
183,537
183,540
183,542
183,543
183,544
183,547
183,552
183,553
183,556
183,557
183,558
183,560
183,564
183,565
183,566
183,567
183,568
183,569
183,571
183,572
183,575
183,576
183,578
183,580
183,581
183,583
183,588
183,591
183,596
183,601
183,604
183,605
183,606
183,609
183,610
183,612
183,613
183,614
183,618
183,619
183,620
183,622
183,623
183,626
183,628
183,631
183,633
183,635
183,638
183,639
183,645
183,646
183,656
183,657
183,659
183,661
183,664
183,666
183,678
183,698
183,705
183,710
183,719
183,722
183,734
183,735
183,736
183,737
183,740
183,741
183,742
183,745
183,755
183,756
183,758
183,759
183,767
183,770
183,774
183,776
183,777
183,778
183,780
183,785
183,787
183,788
183,792
183,793
183,796
183,798
183,800
185,14
185,15
185,27
185,28
185,31
185,63
185,68
185,74
185,75
185,76
185,78
185,95
185,103
185,140
185,155
185,158
185,161
185,162
185,163
185,164
185,165
185,171
185,179
185,181
185,182
185,184
185,210
185,211
185,212
185,213
185,216
185,241
185,242
185,244
185,249
185,254
185,259
185,276
185,277
185,278
185,279
185,286
185,294
185,303
185,308
185,315
185,318
185,324
185,332
185,333
185,338
185,339
185,341
185,361
185,364
185,373
185,376
185,391
185,392
185,399
185,402
185,419
185,419
185,419
185,443
185,449
185,453
185,455
185,458
185,460
185,476
185,489
185,499
185,501
185,505
185,522
185,524
185,537
185,539
185,544
185,551
185,555
185,597
185,599
185,606
185,609
185,614
185,618
185,626
185,645
185,654
185,685
185,688
185,689
185,690
185,691
185,692
185,693
185,734
185,737
185,740
185,741
185,747
185,752
185,770
185,784
185,785
185,793
186,14
186,15
186,27
186,28
186,31
186,63
186,68
186,74
186,75
186,76
186,78
186,95
186,103
186,140
186,155
186,158
186,161
186,162
186,163
186,164
186,165
186,171
186,179
186,181
186,182
186,184
186,210
186,211
186,212
186,213
186,216
186,241
186,242
186,244
186,249
186,254
186,259
186,276
186,277
186,278
186,279
186,286
186,294
186,303
186,308
186,315
186,318
186,324
186,332
186,333
186,338
186,339
186,341
186,361
186,364
186,373
186,376
186,391
186,392
186,399
186,402
186,419
186,419
186,419
186,443
186,449
186,453
186,455
186,458
186,460
186,476
186,489
186,499
186,501
186,505
186,522
186,524
186,537
186,539
186,544
186,551
186,555
186,597
186,599
186,606
186,609
186,614
186,618
186,626
186,645
186,654
186,685
186,688
186,689
186,690
186,691
186,692
186,693
186,734
186,737
186,740
186,741
186,747
186,752
186,770
186,784
186,785
186,793
188,431
190,262
190,300
190,312
190,367
190,483
190,488
190,542
190,544
190,567
190,623
190,738
190,778
190,782
190,788
190,792
190,804
194,461
194,465
203,45
203,49
203,55
203,61
203,91
203,293
203,567
203,613
203,770
203,792
204,45
204,49
204,55
204,61
204,91
204,293
204,567
204,613
204,770
204,792
205,96
205,373
205,640
205,797
212,114
212,393
212,453
212,466
212,567
212,576
212,639
212,737
215,13
215,58
215,118
215,133
215,317
215,319
215,331
215,376
215,397
215,401
215,444
215,483
215,518
215,583
215,614
215,639
215,645
215,792
215,793
216,13
216,58
216,118
216,133
216,317
216,319
216,331
216,376
216,397
216,401
216,444
216,483
216,518
216,583
216,614
216,639
216,645
216,792
216,793
217,13
217,58
217,118
217,133
217,317
217,319
217,331
217,376
217,397
217,401
217,444
217,483
217,518
217,583
217,614
217,639
217,645
217,792
217,793
218,85
218,253
218,312
218,367
218,441
218,450
218,489
218,540
218,609
218,610
218,639
218,656
218,740
218,741
218,758
218,763
218,785
222,306
223,14
223,31
223,56
223,71
223,133
223,275
223,290
223,483
223,526
223,590
223,637
223,667
223,737
223,747
224,5
224,6
224,8
224,13
224,16
224,21
224,22
224,28
224,32
224,36
224,47
224,50
224,83
224,85
224,111
224,113
224,115
224,117
224,118
224,129
224,133
224,135
224,136
224,141
224,144
224,148
224,154
224,172
224,174
224,189
224,195
224,209
224,210
224,211
224,212
224,216
224,222
224,229
224,231
224,240
224,241
224,245
224,257
224,259
224,261
224,262
224,280
224,282
224,286
224,302
224,303
224,308
224,312
224,315
224,316
224,327
224,331
224,338
224,346
224,351
224,357
224,358
224,359
224,365
224,366
224,367
224,371
224,384
224,385
224,386
224,387
224,388
224,389
224,390
224,391
224,392
224,393
224,395
224,404
224,413
224,418
224,419
224,419
224,419
224,421
224,431
224,434
224,435
224,450
224,454
224,456
224,457
224,468
224,469
224,472
224,478
224,481
224,483
224,484
224,485
224,486
224,488
224,489
224,490
224,491
224,492
224,503
224,509
224,517
224,518
224,523
224,524
224,525
224,526
224,536
224,539
224,540
224,552
224,558
224,559
224,564
224,566
224,567
224,568
224,569
224,572
224,574
224,578
224,579
224,580
224,581
224,583
224,586
224,588
224,595
224,600
224,604
224,609
224,610
224,612
224,613
224,614
224,618
224,619
224,622
224,623
224,624
224,632
224,638
224,639
224,645
224,648
224,656
224,667
224,678
224,686
224,709
224,710
224,722
224,735
224,736
224,737
224,740
224,741
224,743
224,744
224,770
224,771
224,773
224,774
224,776
224,777
224,778
224,783
224,784
224,785
224,786
224,787
224,788
224,789
224,792
224,795
224,796
224,802
225,13
225,54
225,92
225,100
225,141
225,280
225,287
225,300
225,305
225,371
225,420
225,447
225,450
225,478
225,483
225,485
225,486
225,581
225,632
225,634
225,656
225,765
225,768
225,770
231,0
231,1
231,12
231,25
231,51
231,108
231,109
231,135
231,164
231,166
231,201
231,202
231,205
231,207
231,208
231,219
231,248
231,255
231,256
231,280
231,286
231,300
231,307
231,359
231,362
231,363
231,384
231,392
231,450
231,457
231,564
231,565
231,609
231,650
231,708
231,737
231,763
231,793
231,794
232,58
232,100
232,118
232,366
232,392
232,400
232,421
232,488
232,553
232,632
232,724
232,802
234,51
234,211
234,388
234,594
234,606
234,632
234,652
234,740
234,802
235,17
235,21
235,58
235,118
235,230
235,241
235,362
235,387
235,468
235,469
235,482
235,483
235,486
235,542
235,544
235,567
235,581
235,606
235,639
235,736
235,737
235,745
235,770
235,785
235,788
235,793
236,388
237,5
237,8
237,10
237,13
237,14
237,17
237,21
237,28
237,42
237,45
237,49
237,50
237,55
237,58
237,59
237,60
237,82
237,83
237,84
237,85
237,92
237,100
237,105
237,114
237,117
237,118
237,119
237,120
237,124
237,128
237,129
237,131
237,133
237,136
237,144
237,148
237,171
237,174
237,176
237,178
237,187
237,209
237,210
237,211
237,212
237,216
237,222
237,224
237,225
237,228
237,229
237,230
237,231
237,241
237,244
237,245
237,247
237,249
237,258
237,262
237,280
237,285
237,286
237,290
237,291
237,294
237,300
237,303
237,307
237,308
237,312
237,315
237,316
237,324
237,327
237,331
237,338
237,352
237,357
237,359
237,360
237,365
237,366
237,367
237,371
237,376
237,377
237,383
237,385
237,386
237,387
237,388
237,389
237,390
237,391
237,392
237,393
237,394
237,395
237,397
237,404
237,405
237,408
237,409
237,411
237,414
237,419
237,419
237,419
237,429
237,430
237,434
237,435
237,438
237,448
237,450
237,453
237,454
237,455
237,456
237,465
237,466
237,469
237,476
237,477
237,478
237,480
237,481
237,483
237,484
237,485
237,486
237,487
237,488
237,489
237,490
237,491
237,492
237,496
237,502
237,503
237,508
237,509
237,511
237,512
237,516
237,518
237,523
237,524
237,525
237,526
237,528
237,529
237,536
237,538
237,539
237,544
237,548
237,550
237,552
237,557
237,558
237,564
237,565
237,566
237,567
237,569
237,571
237,576
237,580
237,581
237,583
237,586
237,588
237,589
237,593
237,595
237,604
237,606
237,607
237,609
237,610
237,611
237,614
237,617
237,618
237,619
237,622
237,623
237,626
237,631
237,632
237,638
237,639
237,642
237,645
237,646
237,648
237,652
237,656
237,661
237,662
237,667
237,676
237,678
237,679
237,684
237,699
237,709
237,710
237,715
237,716
237,722
237,734
237,735
237,736
237,737
237,740
237,741
237,742
237,743
237,745
237,758
237,769
237,770
237,771
237,773
237,774
237,775
237,777
237,778
237,783
237,784
237,785
237,786
237,787
237,788
237,789
237,792
237,793
237,796
237,799
237,800
237,802
245,21
245,50
245,58
245,83
245,129
245,210
245,211
245,212
245,230
245,301
245,303
245,357
245,366
245,385
245,386
245,391
245,392
245,483
245,484
245,488
245,526
245,566
245,567
245,581
245,606
245,609
245,614
245,618
245,623
245,638
245,639
245,645
245,656
245,710
245,724
245,737
245,740
245,758
245,770
245,778
245,788
246,58
246,136
246,210
246,211
246,212
246,224
246,300
246,324
246,366
246,389
246,390
246,391
246,394
246,449
246,478
246,483
246,488
246,490
246,492
246,509
246,525
246,567
246,606
246,609
246,622
246,639
246,667
246,737
246,740
246,770
246,774
248,6
248,8
248,10
248,13
248,14
248,17
248,20
248,20
248,23
248,25
248,33
248,34
248,50
248,54
248,58
248,64
248,67
248,68
248,70
248,71
248,73
248,74
248,75
248,76
248,77
248,78
248,79
248,82
248,83
248,84
248,85
248,89
248,90
248,91
248,92
248,94
248,117
248,118
248,119
248,129
248,130
248,131
248,132
248,133
248,134
248,135
248,136
248,137
248,139
248,140
248,146
248,147
248,148
248,152
248,155
248,156
248,157
248,158
248,159
248,160
248,162
248,163
248,164
248,165
248,171
248,172
248,174
248,175
248,176
248,177
248,178
248,179
248,180
248,181
248,182
248,183
248,184
248,185
248,186
248,190
248,210
248,211
248,212
248,216
248,220
248,223
248,229
248,235
248,236
248,240
248,242
248,249
248,250
248,251
248,262
248,265
248,267
248,270
248,275
248,276
248,277
248,278
248,279
248,280
248,282
248,286
248,292
248,293
248,294
248,295
248,297
248,300
248,303
248,305
248,309
248,310
248,312
248,315
248,316
248,330
248,331
248,333
248,334
248,335
248,338
248,339
248,340
248,341
248,345
248,346
248,350
248,352
248,356
248,357
248,360
248,361
248,362
248,380
248,388
248,392
248,393
248,401
248,402
248,406
248,409
248,411
248,413
248,414
248,416
248,421
248,425
248,429
248,445
248,449
248,450
248,452
248,458
248,459
248,460
248,463
248,467
248,468
248,474
248,476
248,477
248,478
248,483
248,485
248,486
248,489
248,495
248,496
248,499
248,501
248,503
248,509
248,518
248,525
248,526
248,536
248,537
248,540
248,544
248,552
248,554
248,557
248,558
248,562
248,567
248,569
248,570
248,575
248,580
248,581
248,582
248,584
248,585
248,586
248,587
248,588
248,597
248,605
248,606
248,609
248,614
248,626
248,627
248,628
248,633
248,635
248,638
248,639
248,641
248,653
248,654
248,655
248,656
248,673
248,675
248,678
248,685
248,690
248,691
248,701
248,703
248,704
248,706
248,707
248,708
248,710
248,716
248,723
248,726
248,734
248,736
248,737
248,739
248,740
248,756
248,758
248,760
248,767
248,770
248,776
248,789
248,792
248,793
248,798
248,802
248,804
250,449
251,7
251,13
251,25
251,83
251,114
251,129
251,132
251,133
251,136
251,170
251,201
251,210
251,211
251,212
251,243
251,262
251,280
251,300
251,305
251,327
251,350
251,360
251,365
251,366
251,368
251,378
251,379
251,383
251,387
251,388
251,394
251,395
251,434
251,437
251,438
251,450
251,454
251,478
251,483
251,486
251,487
251,503
251,555
251,557
251,558
251,562
251,566
251,567
251,581
251,606
251,609
251,614
251,618
251,639
251,645
251,656
251,667
251,716
251,736
251,737
251,745
251,747
251,756
251,759
251,763
251,792
252,8
252,9
252,13
252,14
252,17
252,20
252,21
252,29
252,33
252,34
252,44
252,45
252,49
252,50
252,54
252,55
252,58
252,61
252,62
252,70
252,83
252,85
252,86
252,89
252,91
252,92
252,104
252,105
252,107
252,110
252,112
252,114
252,115
252,116
252,117
252,118
252,119
252,121
252,123
252,129
252,130
252,131
252,135
252,136
252,139
252,140
252,143
252,147
252,150
252,151
252,152
252,153
252,154
252,162
252,163
252,164
252,170
252,171
252,172
252,173
252,174
252,178
252,209
252,210
252,211
252,212
252,213
252,214
252,215
252,216
252,221
252,222
252,224
252,225
252,226
252,228
252,229
252,230
252,231
252,239
252,240
252,241
252,246
252,247
252,249
252,250
252,254
252,259
252,265
252,269
252,276
252,280
252,282
252,283
252,286
252,289
252,290
252,293
252,300
252,303
252,306
252,308
252,312
252,315
252,316
252,322
252,323
252,324
252,331
252,332
252,338
252,339
252,346
252,348
252,355
252,357
252,359
252,362
252,365
252,366
252,367
252,368
252,371
252,373
252,375
252,379
252,385
252,386
252,387
252,388
252,389
252,390
252,391
252,392
252,393
252,394
252,402
252,404
252,405
252,406
252,407
252,413
252,414
252,419
252,419
252,419
252,420
252,421
252,422
252,427
252,428
252,429
252,434
252,440
252,445
252,448
252,453
252,454
252,457
252,467
252,468
252,469
252,472
252,474
252,475
252,478
252,479
252,480
252,481
252,483
252,484
252,485
252,486
252,488
252,489
252,490
252,493
252,494
252,495
252,500
252,501
252,502
252,504
252,506
252,508
252,509
252,511
252,516
252,517
252,518
252,534
252,535
252,536
252,537
252,538
252,539
252,540
252,542
252,543
252,544
252,547
252,548
252,552
252,555
252,557
252,558
252,564
252,565
252,566
252,567
252,569
252,570
252,573
252,574
252,575
252,576
252,577
252,580
252,581
252,588
252,590
252,594
252,595
252,599
252,600
252,602
252,605
252,606
252,609
252,610
252,611
252,613
252,614
252,617
252,618
252,619
252,622
252,624
252,626
252,627
252,632
252,635
252,638
252,639
252,641
252,645
252,646
252,648
252,652
252,656
252,661
252,662
252,667
252,669
252,672
252,673
252,674
252,675
252,676
252,677
252,678
252,679
252,682
252,683
252,700
252,702
252,704
252,708
252,709
252,716
252,717
252,722
252,734
252,735
252,736
252,737
252,739
252,740
252,741
252,742
252,743
252,753
252,756
252,757
252,758
252,763
252,770
252,771
252,772
252,773
252,774
252,776
252,777
252,778
252,779
252,782
252,783
252,785
252,786
252,788
252,789
252,792
252,793
252,794
252,795
252,796
252,800
252,802
252,803
258,2
258,19
258,58
258,392
258,421
258,553
258,737
260,7
260,9
260,21
260,58
260,83
260,85
260,91
260,100
260,117
260,119
260,133
260,176
260,178
260,230
260,236
260,247
260,262
260,265
260,300
260,312
260,315
260,320
260,338
260,348
260,359
260,365
260,368
260,369
260,370
260,388
260,403
260,404
260,410
260,413
260,414
260,437
260,438
260,442
260,454
260,469
260,482
260,483
260,485
260,486
260,487
260,503
260,513
260,523
260,543
260,562
260,566
260,567
260,569
260,575
260,580
260,583
260,606
260,609
260,613
260,614
260,626
260,632
260,639
260,645
260,710
260,714
260,735
260,736
260,737
260,741
260,747
260,749
260,768
260,769
260,770
260,788
260,792
260,798
262,8
262,13
262,52
262,82
262,91
262,95
262,100
262,117
262,118
262,119
262,127
262,133
262,169
262,178
262,179
262,180
262,181
262,182
262,210
262,211
262,212
262,262
262,292
262,294
262,300
262,312
262,328
262,344
262,360
262,365
262,366
262,384
262,387
262,388
262,404
262,406
262,414
262,420
262,445
262,461
262,466
262,478
262,480
262,483
262,485
262,486
262,489
262,537
262,544
262,551
262,566
262,567
262,581
262,609
262,614
262,620
262,626
262,631
262,638
262,639
262,645
262,657
262,674
262,737
262,761
262,762
262,770
262,789
262,796
269,21
269,25
269,29
269,83
269,85
269,114
269,128
269,130
269,133
269,178
269,199
269,201
269,222
269,229
269,274
269,282
269,305
269,357
269,361
269,366
269,368
269,392
269,415
269,429
269,430
269,453
269,454
269,483
269,485
269,588
269,600
269,619
269,632
269,638
269,639
269,656
269,688
269,733
269,734
269,736
269,741
269,742
269,755
269,764
269,792
269,798
279,0
279,13
279,15
279,25
279,58
279,73
279,85
279,113
279,115
279,123
279,129
279,144
279,148
279,149
279,150
279,157
279,176
279,210
279,211
279,212
279,215
279,230
279,280
279,282
279,303
279,307
279,308
279,316
279,348
279,350
279,357
279,358
279,362
279,393
279,394
279,402
279,429
279,435
279,449
279,454
279,466
279,470
279,478
279,483
279,484
279,486
279,492
279,524
279,526
279,527
279,542
279,543
279,544
279,557
279,565
279,567
279,568
279,569
279,581
279,588
279,606
279,609
279,610
279,619
279,625
279,627
279,632
279,638
279,639
279,647
279,656
279,664
279,665
279,667
279,717
279,721
279,734
279,735
279,736
279,737
279,740
279,758
279,765
279,770
279,786
279,788
282,58
284,13
284,223
284,305
284,327
284,548
284,659
284,723
285,442
293,6
293,8
293,10
293,13
293,14
293,17
293,20
293,20
293,23
293,25
293,33
293,34
293,50
293,54
293,58
293,64
293,67
293,68
293,70
293,71
293,73
293,74
293,75
293,76
293,77
293,78
293,79
293,82
293,83
293,84
293,85
293,89
293,90
293,91
293,92
293,94
293,117
293,118
293,119
293,129
293,130
293,131
293,132
293,133
293,134
293,135
293,136
293,137
293,139
293,140
293,146
293,147
293,148
293,152
293,155
293,156
293,157
293,158
293,159
293,160
293,162
293,163
293,164
293,165
293,171
293,172
293,174
293,175
293,176
293,177
293,178
293,179
293,180
293,181
293,182
293,183
293,184
293,185
293,186
293,190
293,210
293,211
293,212
293,216
293,220
293,223
293,229
293,235
293,236
293,240
293,242
293,249
293,250
293,251
293,262
293,265
293,267
293,270
293,275
293,276
293,277
293,278
293,279
293,280
293,282
293,286
293,292
293,293
293,294
293,295
293,297
293,300
293,303
293,305
293,309
293,310
293,312
293,315
293,316
293,330
293,331
293,333
293,334
293,335
293,338
293,339
293,340
293,341
293,345
293,346
293,350
293,352
293,356
293,357
293,360
293,361
293,362
293,380
293,388
293,392
293,393
293,401
293,402
293,406
293,409
293,411
293,413
293,414
293,416
293,421
293,425
293,429
293,445
293,449
293,450
293,452
293,458
293,459
293,460
293,463
293,467
293,468
293,474
293,476
293,477
293,478
293,483
293,485
293,486
293,489
293,495
293,496
293,499
293,501
293,503
293,509
293,518
293,525
293,526
293,536
293,537
293,540
293,544
293,552
293,554
293,557
293,558
293,562
293,567
293,569
293,570
293,575
293,580
293,581
293,582
293,584
293,585
293,586
293,587
293,588
293,597
293,605
293,606
293,609
293,614
293,626
293,627
293,628
293,633
293,635
293,638
293,639
293,641
293,653
293,654
293,655
293,656
293,673
293,675
293,678
293,685
293,690
293,691
293,701
293,703
293,704
293,706
293,707
293,708
293,710
293,716
293,723
293,726
293,734
293,736
293,737
293,739
293,740
293,756
293,758
293,760
293,767
293,770
293,776
293,789
293,792
293,793
293,798
293,802
293,804
294,13
294,21
294,130
294,163
294,566
297,312
297,393
297,772
299,2
299,328
299,392
299,590
299,609
299,626
299,740
299,785
299,793
301,58
301,144
301,148
301,346
301,371
301,454
301,518
301,632
301,747
305,25
305,56
305,58
305,71
305,85
305,96
305,99
305,117
305,119
305,138
305,144
305,148
305,191
305,210
305,211
305,212
305,233
305,235
305,286
305,290
305,300
305,305
305,319
305,327
305,357
305,403
305,431
305,454
305,483
305,485
305,486
305,509
305,518
305,536
305,562
305,565
305,567
305,632
305,638
305,648
305,664
305,703
305,719
305,725
305,727
305,737
305,751
305,765
305,792
305,804
309,7
309,8
309,10
309,13
309,14
309,16
309,17
309,18
309,20
309,21
309,24
309,25
309,33
309,34
309,42
309,45
309,49
309,50
309,53
309,55
309,58
309,61
309,62
309,65
309,76
309,83
309,85
309,86
309,89
309,90
309,91
309,92
309,105
309,112
309,114
309,115
309,118
309,122
309,129
309,130
309,132
309,133
309,136
309,137
309,139
309,140
309,143
309,150
309,152
309,153
309,154
309,170
309,171
309,172
309,176
309,178
309,179
309,180
309,181
309,182
309,183
309,184
309,186
309,190
309,192
309,194
309,195
309,197
309,203
309,205
309,210
309,211
309,212
309,213
309,215
309,216
309,228
309,230
309,239
309,240
309,244
309,247
309,249
309,250
309,261
309,262
309,263
309,264
309,265
309,266
309,267
309,268
309,276
309,279
309,280
309,281
309,282
309,286
309,288
309,289
309,294
309,296
309,300
309,303
309,304
309,305
309,308
309,312
309,315
309,316
309,317
309,319
309,327
309,331
309,332
309,337
309,338
309,339
309,344
309,346
309,351
309,357
309,358
309,359
309,360
309,361
309,365
309,366
309,367
309,369
309,370
309,371
309,373
309,376
309,383
309,384
309,387
309,388
309,393
309,401
309,404
309,406
309,410
309,411
309,413
309,414
309,417
309,425
309,427
309,429
309,434
309,437
309,438
309,439
309,441
309,442
309,444
309,445
309,446
309,448
309,449
309,450
309,458
309,461
309,464
309,472
309,473
309,474
309,478
309,480
309,481
309,483
309,484
309,485
309,486
309,487
309,488
309,489
309,492
309,495
309,501
309,503
309,505
309,509
309,511
309,518
309,524
309,530
309,531
309,536
309,537
309,540
309,541
309,544
309,547
309,550
309,552
309,554
309,557
309,558
309,559
309,562
309,565
309,566
309,567
309,568
309,569
309,574
309,576
309,587
309,588
309,591
309,592
309,594
309,599
309,604
309,605
309,606
309,609
309,610
309,612
309,613
309,614
309,619
309,622
309,625
309,626
309,627
309,632
309,635
309,638
309,639
309,641
309,645
309,656
309,665
309,667
309,669
309,672
309,673
309,674
309,675
309,676
309,677
309,678
309,679
309,682
309,688
309,710
309,715
309,718
309,722
309,733
309,735
309,736
309,737
309,739
309,740
309,741
309,742
309,747
309,748
309,757
309,758
309,770
309,776
309,782
309,785
309,786
309,787
309,789
309,792
309,793
309,796
311,58
311,144
311,201
311,210
311,211
311,212
311,224
311,225
311,280
311,282
311,286
311,308
311,312
311,357
311,362
311,366
311,367
311,372
311,384
311,387
311,398
311,404
311,411
311,437
311,440
311,485
311,565
311,575
311,600
311,606
311,609
311,638
311,639
311,645
311,652
311,656
311,663
311,710
311,736
311,737
311,740
311,758
311,785
311,787
311,792
311,803
313,6
313,8
313,10
313,13
313,14
313,17
313,20
313,20
313,23
313,25
313,33
313,34
313,50
313,54
313,58
313,64
313,67
313,68
313,70
313,71
313,73
313,74
313,75
313,76
313,77
313,78
313,79
313,82
313,83
313,84
313,85
313,89
313,90
313,91
313,92
313,94
313,117
313,118
313,119
313,129
313,130
313,131
313,132
313,133
313,134
313,135
313,136
313,137
313,139
313,140
313,146
313,147
313,148
313,152
313,155
313,156
313,157
313,158
313,159
313,160
313,162
313,163
313,164
313,165
313,171
313,172
313,174
313,175
313,176
313,177
313,178
313,179
313,180
313,181
313,182
313,183
313,184
313,185
313,186
313,190
313,210
313,211
313,212
313,216
313,220
313,223
313,229
313,235
313,236
313,240
313,242
313,249
313,250
313,251
313,262
313,265
313,267
313,270
313,275
313,276
313,277
313,278
313,279
313,280
313,282
313,286
313,292
313,293
313,294
313,295
313,297
313,300
313,303
313,305
313,309
313,310
313,312
313,315
313,316
313,330
313,331
313,333
313,334
313,335
313,338
313,339
313,340
313,341
313,345
313,346
313,350
313,352
313,356
313,357
313,360
313,361
313,362
313,380
313,388
313,392
313,393
313,401
313,402
313,406
313,409
313,411
313,413
313,414
313,416
313,421
313,425
313,429
313,445
313,449
313,450
313,452
313,458
313,459
313,460
313,463
313,467
313,468
313,474
313,476
313,477
313,478
313,483
313,485
313,486
313,489
313,495
313,496
313,499
313,501
313,503
313,509
313,518
313,525
313,526
313,536
313,537
313,540
313,544
313,552
313,554
313,557
313,558
313,562
313,567
313,569
313,570
313,575
313,580
313,581
313,582
313,584
313,585
313,586
313,587
313,588
313,597
313,605
313,606
313,609
313,614
313,626
313,627
313,628
313,633
313,635
313,638
313,639
313,641
313,653
313,654
313,655
313,656
313,673
313,675
313,678
313,685
313,690
313,691
313,701
313,703
313,704
313,706
313,707
313,708
313,710
313,716
313,723
313,726
313,734
313,736
313,737
313,739
313,740
313,756
313,758
313,760
313,767
313,770
313,776
313,789
313,792
313,793
313,798
313,802
313,804
319,2
319,96
319,402
319,566
320,29
320,82
320,92
320,132
320,152
320,171
320,211
320,280
320,282
320,359
320,366
320,367
320,483
320,491
320,509
320,512
320,524
320,525
320,609
320,614
320,618
320,619
320,632
320,638
320,639
320,645
320,652
320,708
320,736
320,737
320,740
320,758
320,763
320,803
322,6
322,13
322,14
322,18
322,21
322,25
322,29
322,44
322,47
322,50
322,51
322,58
322,66
322,83
322,84
322,85
322,87
322,90
322,91
322,92
322,96
322,113
322,114
322,116
322,117
322,118
322,119
322,121
322,128
322,129
322,130
322,132
322,133
322,134
322,135
322,136
322,144
322,145
322,148
322,150
322,167
322,171
322,174
322,176
322,177
322,178
322,186
322,190
322,195
322,202
322,203
322,210
322,211
322,212
322,213
322,215
322,216
322,222
322,223
322,229
322,230
322,231
322,232
322,233
322,236
322,237
322,245
322,247
322,262
322,270
322,279
322,280
322,282
322,284
322,286
322,289
322,290
322,292
322,299
322,303
322,308
322,312
322,316
322,325
322,326
322,327
322,328
322,331
322,338
322,343
322,346
322,348
322,351
322,355
322,357
322,359
322,360
322,363
322,365
322,366
322,367
322,368
322,374
322,376
322,386
322,387
322,390
322,391
322,392
322,394
322,403
322,408
322,410
322,412
322,414
322,415
322,416
322,424
322,428
322,429
322,430
322,434
322,437
322,440
322,442
322,450
322,453
322,454
322,457
322,461
322,465
322,466
322,467
322,468
322,469
322,471
322,472
322,473
322,477
322,478
322,479
322,480
322,481
322,483
322,484
322,485
322,486
322,487
322,489
322,490
322,491
322,498
322,502
322,504
322,507
322,509
322,511
322,513
322,515
322,517
322,518
322,519
322,524
322,526
322,527
322,532
322,536
322,537
322,540
322,542
322,543
322,544
322,547
322,552
322,553
322,556
322,557
322,558
322,560
322,564
322,565
322,566
322,567
322,568
322,569
322,571
322,572
322,575
322,576
322,578
322,580
322,581
322,583
322,588
322,591
322,596
322,601
322,604
322,605
322,606
322,609
322,610
322,612
322,613
322,614
322,618
322,619
322,620
322,622
322,623
322,626
322,628
322,631
322,633
322,635
322,638
322,639
322,645
322,646
322,656
322,657
322,659
322,661
322,664
322,666
322,678
322,698
322,705
322,710
322,719
322,722
322,734
322,735
322,736
322,737
322,740
322,741
322,742
322,745
322,755
322,756
322,758
322,759
322,767
322,770
322,774
322,776
322,777
322,778
322,780
322,785
322,787
322,788
322,792
322,793
322,796
322,798
322,800
323,2
323,96
323,402
323,566
331,5
331,8
331,10
331,13
331,14
331,17
331,21
331,28
331,42
331,45
331,49
331,50
331,55
331,58
331,59
331,60
331,82
331,83
331,84
331,85
331,92
331,100
331,105
331,114
331,117
331,118
331,119
331,120
331,124
331,128
331,129
331,131
331,133
331,136
331,144
331,148
331,171
331,174
331,176
331,178
331,187
331,209
331,210
331,211
331,212
331,216
331,222
331,224
331,225
331,228
331,229
331,230
331,231
331,241
331,244
331,245
331,247
331,249
331,258
331,262
331,280
331,285
331,286
331,290
331,291
331,294
331,300
331,303
331,307
331,308
331,312
331,315
331,316
331,324
331,327
331,331
331,338
331,352
331,357
331,359
331,360
331,365
331,366
331,367
331,371
331,376
331,377
331,383
331,385
331,386
331,387
331,388
331,389
331,390
331,391
331,392
331,393
331,394
331,395
331,397
331,404
331,405
331,408
331,409
331,411
331,414
331,419
331,419
331,419
331,429
331,430
331,434
331,435
331,438
331,448
331,450
331,453
331,454
331,455
331,456
331,465
331,466
331,469
331,476
331,477
331,478
331,480
331,481
331,483
331,484
331,485
331,486
331,487
331,488
331,489
331,490
331,491
331,492
331,496
331,502
331,503
331,508
331,509
331,511
331,512
331,516
331,518
331,523
331,524
331,525
331,526
331,528
331,529
331,536
331,538
331,539
331,544
331,548
331,550
331,552
331,557
331,558
331,564
331,565
331,566
331,567
331,569
331,571
331,576
331,580
331,581
331,583
331,586
331,588
331,589
331,593
331,595
331,604
331,606
331,607
331,609
331,610
331,611
331,614
331,617
331,618
331,619
331,622
331,623
331,626
331,631
331,632
331,638
331,639
331,642
331,645
331,646
331,648
331,652
331,656
331,661
331,662
331,667
331,676
331,678
331,679
331,684
331,699
331,709
331,710
331,715
331,716
331,722
331,734
331,735
331,736
331,737
331,740
331,741
331,742
331,743
331,745
331,758
331,769
331,770
331,771
331,773
331,774
331,775
331,777
331,778
331,783
331,784
331,785
331,786
331,787
331,788
331,789
331,792
331,793
331,796
331,799
331,800
331,802
332,1
332,3
332,4
332,6
332,7
332,8
332,9
332,10
332,13
332,14
332,17
332,18
332,21
332,25
332,29
332,30
332,34
332,42
332,45
332,46
332,47
332,48
332,49
332,50
332,51
332,55
332,56
332,58
332,62
332,73
332,83
332,84
332,85
332,86
332,87
332,88
332,89
332,90
332,91
332,92
332,100
332,105
332,108
332,109
332,110
332,112
332,113
332,114
332,115
332,117
332,118
332,119
332,122
332,123
332,124
332,126
332,129
332,130
332,131
332,132
332,133
332,135
332,136
332,140
332,141
332,142
332,143
332,144
332,147
332,148
332,149
332,150
332,151
332,152
332,153
332,154
332,156
332,157
332,160
332,164
332,171
332,172
332,173
332,175
332,180
332,186
332,190
332,199
332,200
332,201
332,202
332,207
332,208
332,209
332,210
332,211
332,212
332,214
332,215
332,216
332,217
332,218
332,219
332,223
332,230
332,238
332,239
332,242
332,244
332,248
332,249
332,257
332,261
332,262
332,263
332,264
332,265
332,267
332,268
332,270
332,272
332,274
332,276
332,280
332,281
332,282
332,283
332,284
332,285
332,286
332,288
332,289
332,290
332,298
332,299
332,300
332,303
332,305
332,306
332,307
332,308
332,312
332,313
332,315
332,317
332,319
332,320
332,325
332,327
332,328
332,339
332,346
332,347
332,348
332,350
332,352
332,353
332,354
332,355
332,357
332,359
332,360
332,361
332,362
332,363
332,365
332,366
332,367
332,369
332,370
332,371
332,372
332,376
332,377
332,383
332,384
332,388
332,389
332,392
332,394
332,400
332,401
332,402
332,403
332,406
332,410
332,411
332,413
332,416
332,417
332,421
332,427
332,429
332,430
332,431
332,432
332,434
332,437
332,438
332,440
332,441
332,442
332,450
332,453
332,454
332,456
332,457
332,462
332,463
332,467
332,468
332,469
332,477
332,478
332,480
332,481
332,483
332,485
332,486
332,487
332,489
332,493
332,495
332,497
332,498
332,502
332,503
332,506
332,508
332,509
332,510
332,511
332,513
332,514
332,517
332,518
332,523
332,524
332,525
332,527
332,532
332,533
332,535
332,536
332,537
332,538
332,540
332,541
332,543
332,544
332,549
332,550
332,551
332,552
332,553
332,557
332,564
332,565
332,566
332,567
332,569
332,570
332,575
332,576
332,578
332,580
332,581
332,583
332,588
332,590
332,591
332,598
332,606
332,609
332,610
332,611
332,613
332,614
332,617
332,618
332,619
332,621
332,622
332,623
332,624
332,626
332,627
332,632
332,635
332,638
332,639
332,640
332,641
332,645
332,646
332,647
332,650
332,653
332,656
332,657
332,658
332,660
332,661
332,665
332,667
332,670
332,678
332,680
332,682
332,696
332,703
332,708
332,710
332,714
332,715
332,716
332,719
332,722
332,733
332,734
332,735
332,736
332,737
332,740
332,741
332,744
332,745
332,746
332,747
332,755
332,756
332,758
332,763
332,766
332,770
332,771
332,774
332,776
332,778
332,779
332,785
332,787
332,788
332,789
332,792
332,795
332,796
332,798
332,800
332,802
332,804
340,21
340,45
340,46
340,49
340,55
340,58
340,104
340,105
340,118
340,210
340,211
340,212
340,216
340,230
340,245
340,301
340,312
340,357
340,359
340,436
340,441
340,450
340,455
340,468
340,481
340,483
340,562
340,567
340,606
340,614
340,615
340,622
340,627
340,656
340,710
340,722
340,736
340,737
340,738
340,740
340,753
340,770
340,792
340,793
342,407
342,567
342,613
342,740
343,11
343,12
343,14
343,17
343,28
343,62
343,73
343,75
343,76
343,95
343,102
343,103
343,133
343,137
343,139
343,140
343,148
343,150
343,155
343,157
343,162
343,164
343,165
343,167
343,179
343,184
343,186
343,190
343,194
343,213
343,216
343,240
343,259
343,266
343,271
343,276
343,277
343,278
343,279
343,286
343,294
343,300
343,313
343,314
343,317
343,319
343,337
343,339
343,341
343,362
343,373
343,383
343,390
343,392
343,393
343,406
343,411
343,421
343,449
343,464
343,478
343,483
343,499
343,505
343,521
343,537
343,540
343,557
343,565
343,599
343,607
343,626
343,627
343,635
343,685
343,690
343,691
343,724
343,747
343,752
343,770
343,785
343,793
347,14
347,21
347,58
347,83
347,85
347,91
347,92
347,96
347,100
347,113
347,114
347,118
347,133
347,136
347,176
347,210
347,211
347,212
347,216
347,229
347,230
347,261
347,262
347,279
347,282
347,288
347,300
347,303
347,312
347,327
347,352
347,357
347,359
347,360
347,366
347,367
347,383
347,385
347,388
347,389
347,435
347,448
347,467
347,468
347,477
347,481
347,483
347,484
347,509
347,526
347,536
347,550
347,557
347,567
347,580
347,581
347,588
347,606
347,609
347,613
347,614
347,635
347,638
347,645
347,657
347,660
347,667
347,716
347,736
347,737
347,748
347,758
347,770
347,774
347,788
347,789
347,792
347,795
347,800
349,0
349,13
349,15
349,25
349,58
349,73
349,85
349,113
349,115
349,123
349,129
349,144
349,148
349,149
349,150
349,157
349,176
349,210
349,211
349,212
349,215
349,230
349,280
349,282
349,303
349,307
349,308
349,316
349,348
349,350
349,357
349,358
349,362
349,393
349,394
349,402
349,429
349,435
349,449
349,454
349,466
349,470
349,478
349,483
349,484
349,486
349,492
349,524
349,526
349,527
349,542
349,543
349,544
349,557
349,565
349,567
349,568
349,569
349,581
349,588
349,606
349,609
349,610
349,619
349,625
349,627
349,632
349,638
349,639
349,647
349,656
349,664
349,665
349,667
349,717
349,721
349,734
349,735
349,736
349,737
349,740
349,758
349,765
349,770
349,786
349,788
350,6
350,8
350,10
350,13
350,15
350,17
350,18
350,20
350,21
350,22
350,25
350,29
350,34
350,42
350,50
350,51
350,58
350,60
350,73
350,81
350,82
350,83
350,84
350,85
350,87
350,91
350,92
350,93
350,97
350,100
350,104
350,105
350,107
350,109
350,114
350,115
350,117
350,118
350,119
350,128
350,132
350,133
350,135
350,136
350,137
350,138
350,143
350,144
350,148
350,150
350,151
350,152
350,168
350,174
350,176
350,178
350,189
350,190
350,195
350,198
350,199
350,203
350,210
350,211
350,212
350,214
350,215
350,216
350,218
350,222
350,223
350,224
350,225
350,228
350,229
350,230
350,231
350,234
350,244
350,245
350,246
350,247
350,253
350,260
350,261
350,262
350,265
350,280
350,282
350,284
350,286
350,297
350,298
350,300
350,303
350,305
350,308
350,312
350,315
350,325
350,327
350,328
350,331
350,338
350,343
350,348
350,357
350,359
350,360
350,361
350,362
350,365
350,366
350,367
350,369
350,371
350,376
350,382
350,384
350,385
350,386
350,387
350,388
350,389
350,391
350,392
350,393
350,394
350,395
350,397
350,404
350,406
350,407
350,410
350,413
350,414
350,415
350,419
350,419
350,419
350,421
350,424
350,425
350,429
350,430
350,431
350,432
350,433
350,434
350,435
350,436
350,437
350,438
350,440
350,441
350,442
350,444
350,447
350,449
350,450
350,452
350,453
350,454
350,455
350,456
350,457
350,461
350,466
350,467
350,468
350,469
350,470
350,471
350,472
350,473
350,475
350,477
350,478
350,481
350,483
350,484
350,485
350,486
350,488
350,489
350,490
350,491
350,500
350,502
350,507
350,508
350,509
350,511
350,512
350,516
350,518
350,524
350,526
350,527
350,528
350,532
350,534
350,535
350,536
350,538
350,542
350,543
350,544
350,547
350,548
350,550
350,552
350,553
350,557
350,558
350,562
350,563
350,564
350,565
350,566
350,567
350,569
350,572
350,574
350,575
350,580
350,581
350,583
350,588
350,604
350,606
350,609
350,610
350,611
350,612
350,613
350,614
350,618
350,619
350,622
350,623
350,624
350,626
350,627
350,631
350,632
350,638
350,639
350,640
350,641
350,644
350,645
350,646
350,647
350,648
350,651
350,656
350,657
350,662
350,663
350,665
350,667
350,672
350,673
350,674
350,675
350,676
350,677
350,678
350,679
350,680
350,682
350,687
350,703
350,709
350,710
350,716
350,719
350,730
350,731
350,732
350,733
350,734
350,735
350,736
350,737
350,739
350,740
350,741
350,742
350,743
350,745
350,747
350,758
350,769
350,770
350,771
350,773
350,774
350,777
350,778
350,779
350,782
350,785
350,786
350,787
350,788
350,789
350,792
350,793
350,795
350,796
350,798
350,800
350,801
350,802
352,6
352,8
352,10
352,13
352,14
352,17
352,20
352,20
352,23
352,25
352,33
352,34
352,50
352,54
352,58
352,64
352,67
352,68
352,70
352,71
352,73
352,74
352,75
352,76
352,77
352,78
352,79
352,82
352,83
352,84
352,85
352,89
352,90
352,91
352,92
352,94
352,117
352,118
352,119
352,129
352,130
352,131
352,132
352,133
352,134
352,135
352,136
352,137
352,139
352,140
352,146
352,147
352,148
352,152
352,155
352,156
352,157
352,158
352,159
352,160
352,162
352,163
352,164
352,165
352,171
352,172
352,174
352,175
352,176
352,177
352,178
352,179
352,180
352,181
352,182
352,183
352,184
352,185
352,186
352,190
352,210
352,211
352,212
352,216
352,220
352,223
352,229
352,235
352,236
352,240
352,242
352,249
352,250
352,251
352,262
352,265
352,267
352,270
352,275
352,276
352,277
352,278
352,279
352,280
352,282
352,286
352,292
352,293
352,294
352,295
352,297
352,300
352,303
352,305
352,309
352,310
352,312
352,315
352,316
352,330
352,331
352,333
352,334
352,335
352,338
352,339
352,340
352,341
352,345
352,346
352,350
352,352
352,356
352,357
352,360
352,361
352,362
352,380
352,388
352,392
352,393
352,401
352,402
352,406
352,409
352,411
352,413
352,414
352,416
352,421
352,425
352,429
352,445
352,449
352,450
352,452
352,458
352,459
352,460
352,463
352,467
352,468
352,474
352,476
352,477
352,478
352,483
352,485
352,486
352,489
352,495
352,496
352,499
352,501
352,503
352,509
352,518
352,525
352,526
352,536
352,537
352,540
352,544
352,552
352,554
352,557
352,558
352,562
352,567
352,569
352,570
352,575
352,580
352,581
352,582
352,584
352,585
352,586
352,587
352,588
352,597
352,605
352,606
352,609
352,614
352,626
352,627
352,628
352,633
352,635
352,638
352,639
352,641
352,653
352,654
352,655
352,656
352,673
352,675
352,678
352,685
352,690
352,691
352,701
352,703
352,704
352,706
352,707
352,708
352,710
352,716
352,723
352,726
352,734
352,736
352,737
352,739
352,740
352,756
352,758
352,760
352,767
352,770
352,776
352,789
352,792
352,793
352,798
352,802
352,804
353,74
353,76
353,82
353,179
353,276
353,279
353,294
353,460
353,685
353,691
358,14
358,21
358,58
358,83
358,85
358,91
358,92
358,96
358,100
358,113
358,114
358,118
358,133
358,136
358,176
358,210
358,211
358,212
358,216
358,229
358,230
358,261
358,262
358,279
358,282
358,288
358,300
358,303
358,312
358,327
358,352
358,357
358,359
358,360
358,366
358,367
358,383
358,385
358,388
358,389
358,435
358,448
358,467
358,468
358,477
358,481
358,483
358,484
358,509
358,526
358,536
358,550
358,557
358,567
358,580
358,581
358,588
358,606
358,609
358,613
358,614
358,635
358,638
358,645
358,657
358,660
358,667
358,716
358,736
358,737
358,748
358,758
358,770
358,774
358,788
358,789
358,792
358,795
358,800
359,14
359,21
359,58
359,83
359,85
359,91
359,92
359,96
359,100
359,113
359,114
359,118
359,133
359,136
359,176
359,210
359,211
359,212
359,216
359,229
359,230
359,261
359,262
359,279
359,282
359,288
359,300
359,303
359,312
359,327
359,352
359,357
359,359
359,360
359,366
359,367
359,383
359,385
359,388
359,389
359,435
359,448
359,467
359,468
359,477
359,481
359,483
359,484
359,509
359,526
359,536
359,550
359,557
359,567
359,580
359,581
359,588
359,606
359,609
359,613
359,614
359,635
359,638
359,645
359,657
359,660
359,667
359,716
359,736
359,737
359,748
359,758
359,770
359,774
359,788
359,789
359,792
359,795
359,800
362,14
362,21
362,58
362,83
362,85
362,91
362,92
362,96
362,100
362,113
362,114
362,118
362,133
362,136
362,176
362,210
362,211
362,212
362,216
362,229
362,230
362,261
362,262
362,279
362,282
362,288
362,300
362,303
362,312
362,327
362,352
362,357
362,359
362,360
362,366
362,367
362,383
362,385
362,388
362,389
362,435
362,448
362,467
362,468
362,477
362,481
362,483
362,484
362,509
362,526
362,536
362,550
362,557
362,567
362,580
362,581
362,588
362,606
362,609
362,613
362,614
362,635
362,638
362,645
362,657
362,660
362,667
362,716
362,736
362,737
362,748
362,758
362,770
362,774
362,788
362,789
362,792
362,795
362,800
363,9
363,461
363,695
363,736
365,641
